model,kind,groups,lam,message_rep,flops,collapses,search_s,joint_modes,T_exact,matches,mode_tv,mean_err_sd,tv_1d,tau_final,tau_saturates_at,klsum_final,long_mean_err_vs_gpb2
"maneuver(2,1)",egfg,m+x,0.0,moment,22,2,0.32,2,8,imm,0.01187,0.05717,0.041,1.0,2.7,0.2009,0.10606
"maneuver(2,1)",egfg,m+x,1000000.0,moment,32,2,0.32,2,8,gpb2,0.00139,0.00375,0.01639,1.0,4.3,0.0515,0.0
"maneuver(2,1)",egfg,m x,0.0,moment,18,1,0.32,2,8,gpb1,0.09461,0.17472,0.33937,1.0,2.0,0.8837,0.48827
"maneuver(3,1)",egfg,m+x,0.0,moment,39,2,0.3,3,8,imm,0.0159,0.06194,0.04757,1.0,2.0,0.3048,0.06922
"maneuver(3,1)",egfg,m+x,1000000.0,moment,69,2,0.3,3,8,gpb2,0.00251,0.00656,0.01269,1.0,3.7,0.0616,0.0
"maneuver(3,1)",egfg,m x,0.0,moment,30,1,0.3,3,8,gpb1,0.18483,0.21603,0.32637,1.0,2.0,1.5368,0.40644
"maneuver(2,2)",egfg,m+x,0.0,moment,82,2,0.29,2,8,imm,0.0577,0.12792,,1.0,2.3,0.9362,0.17829
"maneuver(2,2)",egfg,m+x,1000000.0,moment,128,2,0.29,2,8,gpb2,0.02552,0.05505,,1.0,3.3,0.5551,0.0
"maneuver(2,2)",egfg,m x,0.0,moment,62,1,0.29,2,8,gpb1,0.21505,0.30887,,1.0,2.0,2.5536,0.49425
"maneuver(3,2,obs)",egfg,m+x,0.0,moment,141,2,0.28,3,8,imm,0.06624,0.19217,,1.0,2.0,1.8934,0.34061
"maneuver(3,2,obs)",egfg,m+x,1000000.0,moment,279,2,0.28,3,8,gpb2,0.00973,0.05665,,1.0,2.3,0.4528,0.0
"maneuver(3,2,obs)",egfg,m x,0.0,moment,96,1,0.28,3,8,gpb1,0.4432,0.84111,,1.0,1.0,7.3513,37.13222
outlier(1),egfg,o+x,0.0,moment,12,1,0.22,2,8,imm=gpb1,0.0112,0.10173,0.09223,1.0,2.0,0.3512,0.1472
outlier(1),egfg,o x,0.0,moment,12,1,0.22,2,8,imm=gpb1,0.0112,0.10173,0.09223,1.0,2.0,0.3512,0.1472
outlier(2),egfg,o+x,0.0,moment,76,1,0.2,2,8,imm=gpb1,0.00021,0.01832,,1.0,2.0,0.0715,0.06233
outlier(2),egfg,o x,0.0,moment,76,1,0.2,2,8,imm=gpb1,0.00021,0.01832,,1.0,2.0,0.0715,0.06233
"targets(2,2,1)",egfg,m0+x0 m1+x1,0.0,moment,44,4,52.24,4,8,imm,0.02019,0.0803,,1.0,2.0,4.0647,0.22006
"targets(2,2,1)",egfg,m0+x0 m1+x1,1000000.0,moment,76,4,52.24,4,8,gpb2,0.00596,0.0228,,1.0,3.0,0.426,0.0
"targets(2,2,1)",egfg,m0+x0 m1 x1,0.0,moment,71,3,52.24,4,8,-,0.16471,0.33296,,1.0,1.0,4.0858,1.19613
"targets(2,2,1)",egfg,m0+x0 m1 x1,1000000.0,moment,74,3,52.24,4,8,-,0.13927,0.17452,,1.0,2.0,2.0489,0.4943
"targets(2,2,1)",egfg,m0 x0 m1+x1,0.0,moment,86,3,52.24,4,8,-,0.1419,0.51873,,1.0,1.0,3.9049,0.79658
"targets(2,2,1)",egfg,m0 x0 m1+x1,1000000.0,moment,145,3,52.24,4,8,-,0.12432,0.35547,,1.0,2.0,1.8486,0.51223
"targets(2,2,1)",egfg,m0 x0 m1 x1,0.0,moment,54,2,52.24,4,8,-,0.16659,0.57598,,1.0,1.0,8.4375,1.28711
"targets(2,2,1)",egfg,m0 x0 m1 x1,1000000.0,moment,60,2,52.24,4,8,gpb1,0.15017,0.35547,,1.0,2.0,3.5633,0.60919
"targets(2,2,1)",state-wide,m+x,0.0,moment,280,2,0.32,4,8,imm,0.02019,0.0803,,1.0,2.0,0.5823,0.22006
"targets(2,2,1)",state-wide,m+x,1000000.0,moment,760,2,0.32,4,8,gpb2,0.00596,0.0228,,1.0,3.3,0.2238,0.0
"targets(2,2,1)",state-wide,m x,0.0,moment,296,2,0.32,4,8,gpb1,0.15017,0.35547,,1.0,2.0,1.8629,0.60919
"targets(2,2,1)",state-wide,m x,1000000.0,moment,200,1,0.32,4,8,gpb1,0.15017,0.35547,,1.0,2.0,1.8629,0.60919
"targets(2,2,2)",egfg,m0+x0 m1+x1,0.0,moment,166,4,52.93,4,8,imm,0.06653,0.15502,,1.0,2.0,9.227,0.22482
"targets(2,2,2)",egfg,m0+x0 m1+x1,1000000.0,moment,268,4,52.93,4,8,gpb2,0.0417,0.09014,,1.0,3.0,1.7885,0.0
"targets(2,2,2)",egfg,m0+x0 m1 x1,0.0,moment,251,3,52.93,4,8,-,0.26749,0.19341,,1.0,1.0,6.5873,0.58269
"targets(2,2,2)",egfg,m0+x0 m1 x1,1000000.0,moment,300,3,52.93,4,8,-,0.26757,0.19226,,1.0,2.0,23.3687,0.581
"targets(2,2,2)",egfg,m0 x0 m1+x1,0.0,moment,344,7,52.93,4,8,-,0.20958,0.27491,,1.0,2.0,6.5865,0.53509
"targets(2,2,2)",egfg,m0 x0 m1+x1,1000000.0,moment,659,3,52.93,4,8,-,0.20958,0.27491,,1.0,2.0,22.1508,0.53509
"targets(2,2,2)",egfg,m0 x0 m1 x1,0.0,moment,150,2,52.93,4,8,-,0.26749,0.28761,,1.0,1.0,9.9006,0.60243
"targets(2,2,2)",egfg,m0 x0 m1 x1,1000000.0,moment,192,2,52.93,4,8,gpb1,0.26757,0.2857,,1.0,2.0,9.9069,0.59457
"targets(2,2,2)",state-wide,m+x,0.0,moment,1136,2,0.27,4,8,imm,0.06653,0.15502,,1.0,2.0,2.0385,0.22482
"targets(2,2,2)",state-wide,m+x,1000000.0,moment,3344,2,0.27,4,8,gpb2,0.0417,0.09014,,1.0,3.0,1.0346,0.0
"targets(2,2,2)",state-wide,m x,0.0,moment,832,1,0.27,4,8,gpb1,0.26757,0.2857,,1.0,2.0,5.1604,0.59457
"targets(3,2,1)",egfg,m0+x0 m1+x1 m2+x2,0.0,moment,195,6,96.11,8,5,-,0.00687,0.03009,,1.0,2.0,0.7582,0.0951
"targets(3,2,1)",egfg,m0 x0 m1 x1 m2 x2,0.0,moment,87,3,96.11,8,5,-,0.11191,0.34787,,1.0,1.0,8.0082,0.77508
"targets(3,2,1)",egfg,m0 x0 m1 x1 m2 x2,1000000.0,moment,96,3,96.11,8,5,gpb1,0.09286,0.18309,,1.0,2.0,3.8783,0.48076
"targets(3,2,1)",state-wide,m+x,0.0,moment,1944,2,0.33,8,5,imm,0.00874,0.03009,,1.0,2.0,0.3277,0.0951
"targets(3,2,1)",state-wide,m+x,1000000.0,moment,9000,2,0.33,8,5,gpb2,0.00236,0.00515,,1.0,3.0,0.0917,0.0
"targets(3,2,1)",state-wide,m x,0.0,moment,1240,1,0.33,8,5,gpb1,0.09286,0.18309,,1.0,2.0,1.5043,0.48076
