problem,group,vars,cost,method,flops,model_ns,optimize_s,run_ns
big_chain32_k32,calibrated,32,c,search,129856,25270.74,120.23,32241.6
big_chain32_k32,calibrated,32,flops,search,129856,25270.74,10.57,26066.48
big_cycle16_k16,calibrated,16,c,search,245248,23085.41,11.48,17116.99
big_cycle16_k16,calibrated,16,flops,search,243712,29986.33,3.41,23904.42
big_grid4x4_k3,calibrated,16,c,search,8091,1118.45,34.19,1327.31
big_grid4x4_k3,calibrated,16,flops,search,7857,1108.58,18.23,1321.89
big_tree30_k8,calibrated,30,c,search,6896,673.15,11.06,701.4
big_tree30_k8,calibrated,30,flops,search,6896,673.15,5.13,698.4
chain15_k4,calibrated,15,c,search,1060,108.61,31.66,199.78
chain15_k4,calibrated,15,flops,search,1052,110.53,3.29,190.92
chain16_k16,calibrated,16,c,search,15072,1690.85,10.04,1852.86
chain16_k16,calibrated,16,flops,search,15072,1690.85,1.33,1872.22
chain16_k2,calibrated,16,c,search,260,52.01,10.8,57.5
chain16_k2,calibrated,16,flops,search,260,52.01,1.14,62.0
chain16_k32,calibrated,16,c,search,59840,12111.24,10.08,13739.84
chain16_k32,calibrated,16,flops,search,59840,12111.24,1.13,12537.17
chain16_k4,calibrated,16,c,search,984,84.75,10.87,228.42
chain16_k4,calibrated,16,flops,search,984,84.75,1.33,224.36
chain16_k8,calibrated,16,c,search,3824,343.94,10.86,515.45
chain16_k8,calibrated,16,flops,search,3824,343.94,1.3,504.39
chain64_k4,calibrated,64,c,search,4248,367.56,120.19,1247.77
chain64_k4,calibrated,64,flops,search,4248,367.56,10.45,1259.2
chain8_k8,calibrated,8,c,none,1952,207.62,7.17,277.18
chain8_k8,calibrated,8,flops,none,1936,233.07,6.37,288.55
coupled3_k3_t6,calibrated,18,c,search,4797,703.3,80.93,1187.94
coupled3_k3_t6,calibrated,18,flops,search,4860,732.46,26.76,1332.75
cycle10_k4,calibrated,10,c,none,2496,190.12,4.73,270.79
cycle10_k4,calibrated,10,flops,none,2496,191.83,3.79,270.2
cycle16_k16,calibrated,16,c,search,245248,23085.41,11.67,16661.27
cycle16_k16,calibrated,16,flops,search,243712,29986.33,3.3,23589.4
cycle8_k16,calibrated,8,c,none,118784,11047.34,1.97,11757.7
cycle8_k16,calibrated,8,flops,none,116992,20260.08,1.64,23080.42
cycle8_k2,calibrated,8,c,none,268,49.31,1.93,36.76
cycle8_k2,calibrated,8,flops,none,260,50.62,1.6,38.69
cycle8_k4,calibrated,8,c,none,1984,144.21,2.06,173.76
cycle8_k4,calibrated,8,flops,none,1936,153.65,1.56,217.93
cycle8_k8,calibrated,8,c,none,15232,1222.82,2.05,1289.95
cycle8_k8,calibrated,8,flops,none,14912,1558.67,1.65,1939.02
factorial3_k3_t6,calibrated,18,c,search,5967,872.37,15.8,1311.75
factorial3_k3_t6,calibrated,18,flops,search,5886,868.11,18.47,1282.65
grid2x3_k2,calibrated,6,c,none,168,32.61,0.55,26.31
grid2x3_k2,calibrated,6,flops,none,168,33.57,0.47,25.75
grid2x4_k3,calibrated,8,c,none,819,129.53,3.82,98.45
grid2x4_k3,calibrated,8,flops,none,801,132.59,2.87,98.62
grid3x3_k2,calibrated,9,c,none,488,85.26,7.53,110.05
grid3x3_k2,calibrated,9,flops,none,480,86.08,6.39,103.34
grid3x3_k3,calibrated,9,c,none,2043,314.38,7.68,259.18
grid3x3_k3,calibrated,9,flops,none,1980,321.34,5.8,271.65
grid3x3_k4,calibrated,9,c,none,5696,506.25,7.78,362.81
grid3x3_k4,calibrated,9,flops,none,5600,533.68,5.82,404.02
grid3x3_k6,calibrated,9,c,none,24768,2090.61,7.89,2081.24
grid3x3_k6,calibrated,9,flops,none,25200,3259.63,6.2,2428.01
grid4x4_k3,calibrated,16,c,search,8091,1118.45,34.43,1241.61
grid4x4_k3,calibrated,16,flops,search,7857,1108.58,17.84,1338.17
grid5x5_k2,calibrated,25,c,search,3228,509.0,52.52,399.95
grid5x5_k2,calibrated,25,flops,search,3216,513.03,29.21,498.4
grid6x6_k2,calibrated,36,c,search,7568,1172.03,98.16,1220.42
grid6x6_k2,calibrated,36,flops,search,7496,1166.08,63.44,1311.45
sparse10_k3,calibrated,10,c,none,732,123.46,4.15,123.06
sparse10_k3,calibrated,10,flops,none,723,126.35,2.87,136.54
sparse20_k3,calibrated,20,c,search,2433,372.12,15.57,353.11
sparse20_k3,calibrated,20,flops,search,2253,362.94,20.05,357.92
sparse8_k2,calibrated,8,c,none,262,50.0,2.98,39.34
sparse8_k2,calibrated,8,flops,none,254,49.99,2.36,42.57
star6_k4,calibrated,6,c,none,284,26.85,0.36,26.73
star6_k4,calibrated,6,flops,none,284,26.85,0.23,27.01
star7_k4,calibrated,7,c,none,348,33.7,1.14,32.37
star7_k4,calibrated,7,flops,none,348,33.7,0.64,33.87
star8_k16,calibrated,8,c,none,5696,766.19,3.42,760.89
star8_k16,calibrated,8,flops,none,5696,766.19,1.93,746.58
star8_k4,calibrated,8,c,none,416,41.48,3.32,35.43
star8_k4,calibrated,8,flops,none,416,41.48,1.86,35.16
ternary6_k3,calibrated,6,c,none,459,67.92,0.14,68.82
ternary6_k3,calibrated,6,flops,none,450,68.31,0.13,68.93
ternary8_k3,calibrated,8,c,none,711,103.82,0.54,99.18
ternary8_k3,calibrated,8,flops,none,693,104.37,0.46,106.0
tree12_k3,calibrated,12,c,none,399,71.13,3.15,67.24
tree12_k3,calibrated,12,flops,none,399,71.13,2.54,67.48
tree9_k4,calibrated,9,c,none,492,43.56,2.78,55.64
tree9_k4,calibrated,9,flops,none,492,43.56,2.48,57.18
holdout_chain16_k8,holdout,16,c,search,4192,444.64,55.2,546.38
holdout_chain16_k8,holdout,16,flops,search,4176,470.1,3.78,556.85
holdout_chain19_k8,holdout,19,c,search,5032,533.53,56.79,669.38
holdout_chain19_k8,holdout,19,flops,search,5016,558.99,4.82,667.19
holdout_cycle12_k6,holdout,12,c,none,10296,770.78,3.76,789.87
holdout_cycle12_k6,holdout,12,flops,none,10044,943.65,2.7,775.49
holdout_cycle13_k4,holdout,13,c,search,3328,223.8,13.26,238.43
holdout_cycle13_k4,holdout,13,flops,search,3248,235.41,2.12,318.09
holdout_grid2x6_k2,holdout,12,c,none,436,82.47,5.28,98.41
holdout_grid2x6_k2,holdout,12,flops,none,432,82.88,4.4,98.48
holdout_grid3x5_k2,holdout,15,c,search,956,165.51,24.62,170.71
holdout_grid3x5_k2,holdout,15,flops,search,948,167.3,8.6,147.83
holdout_sparse14_k3,holdout,14,c,search,1134,179.56,3.09,175.45
holdout_sparse14_k3,holdout,14,flops,search,1107,182.9,1.61,187.79
holdout_sparse15_k2,holdout,15,c,search,450,84.67,3.78,77.78
holdout_sparse15_k2,holdout,15,flops,search,446,85.08,3.04,77.38
holdout_star10_k6,holdout,10,c,none,1176,149.55,4.17,191.8
holdout_star10_k6,holdout,10,flops,none,1176,149.55,2.23,187.19
holdout_star12_k3,holdout,12,c,none,429,86.79,5.03,58.81
holdout_star12_k3,holdout,12,flops,none,429,86.79,3.41,59.32
holdout_ternary10_k2,holdout,10,c,none,300,55.71,3.05,49.07
holdout_ternary10_k2,holdout,10,flops,none,296,56.12,2.24,50.18
holdout_ternary10_k3,holdout,10,c,none,963,139.72,2.9,144.03
holdout_ternary10_k3,holdout,10,flops,none,936,140.66,2.32,159.58
holdout_tree10_k4,holdout,10,c,none,552,49.48,4.14,59.68
holdout_tree10_k4,holdout,10,flops,none,552,49.48,3.42,63.07
holdout_tree8_k3,holdout,8,c,none,246,44.73,1.55,43.73
holdout_tree8_k3,holdout,8,flops,none,246,44.73,1.42,45.15
