problem,label,vars,flops,flops_k,writes,strided,nests,loops,spill,const,run_ns,fold,cv_ns,fit_ns
chain64_k4,jt0,64,5952,7204.0,2000.0,1184.0,315.0,1250.0,0,1.0,1219.56,0,677.78,692.1
chain64_k4,jt1,64,5952,7204.0,2000.0,1472.0,315.0,1250.0,0,1.0,1179.39,0,681.32,696.21
chain64_k4,budget4,64,4248,4756.0,1008.0,1008.0,253.0,692.0,0,1.0,1211.95,0,429.54,439.57
grid6x6_k2,jt0,36,8392,8354.0,2284.0,3892.0,195.0,4378.0,0,1.0,1728.32,1,1335.78,1290.91
grid6x6_k2,jt1,36,8192,8154.0,2216.0,3888.0,195.0,4242.0,0,1.0,1502.73,1,1297.99,1256.46
grid6x6_k2,jt2,36,8480,8370.0,2228.0,3964.0,198.0,4335.0,0,1.0,1599.96,1,1328.76,1286.37
grid6x6_k2,budget4,36,7936,7618.0,1804.0,4400.0,190.0,3703.0,0,1.0,1261.06,1,1164.22,1144.64
grid6x6_k2,budget6,36,8064,7722.0,1824.0,4520.0,195.0,3762.0,0,1.0,1294.13,1,1181.68,1162.43
grid6x6_k2,budget8,36,8420,8090.0,1960.0,4272.0,197.0,4020.0,0,1.0,1394.15,1,1252.66,1223.37
grid6x6_k2,tree_budget6,36,9628,9306.0,2192.0,5144.0,245.0,4428.0,0,1.0,1656.44,1,1404.39,1380.22
grid6x6_k2,search,36,7528,7298.0,1804.0,4060.0,184.0,3621.0,0,1.0,1249.4,1,1129.01,1105.7
big_chain32_k32,jt0,32,217088,281632.0,67456.0,41984.0,187.0,5082.0,33664,1.0,34180.0,4,62394.0,46092.2
big_chain32_k32,jt1,32,217088,281632.0,67456.0,46080.0,187.0,5082.0,33664,1.0,32098.11,4,62451.82,46150.68
big_chain32_k32,budget4,32,129856,135840.0,7936.0,31744.0,187.0,2202.0,0,1.0,30324.15,4,10701.55,9884.17
big_chain32_k32,budget6,32,2267872,2506208.0,273952.0,578560.0,192.0,44447.0,240160,1.0,776522.5,4,486595.97,367335.9
big_chain32_k32,tree_budget6,32,3402432,3461536.0,111456.0,942080.0,260.0,55939.0,77664,1.0,969637.37,4,367924.61,313407.79
big_tree30_k8,jt0,30,11008,13944.0,3616.0,3520.0,159.0,1152.0,0,1.0,2055.86,3,1167.9,1161.38
big_tree30_k8,jt1,30,11328,14520.0,3872.0,2944.0,163.0,1188.0,0,1.0,3208.82,3,1189.4,1197.26
big_tree30_k8,budget4,30,6888,7624.0,1192.0,1856.0,150.0,583.0,0,1.0,973.13,3,629.14,626.77
big_tree30_k8,budget6,30,6968,7784.0,1272.0,1856.0,153.0,594.0,0,1.0,1028.26,3,640.8,639.18
big_tree30_k8,budget8,30,30976,36344.0,7136.0,7680.0,172.0,2741.0,0,1.0,3883.63,3,2952.91,2965.29
big_tree30_k8,tree_budget6,30,7000,7848.0,1304.0,1856.0,157.0,598.0,0,1.0,735.11,3,645.41,644.08
big_tree30_k8,search,30,6896,7640.0,1200.0,1856.0,151.0,584.0,0,1.0,785.22,3,630.29,628.0
grid5x5_k2,jt0,25,3596,3724.0,1112.0,1508.0,132.0,1942.0,0,1.0,771.3,1,593.67,570.73
grid5x5_k2,jt1,25,3644,3772.0,1136.0,1548.0,132.0,1990.0,0,1.0,540.2,1,605.6,581.93
grid5x5_k2,jt2,25,3652,3732.0,1092.0,1536.0,133.0,1949.0,0,1.0,457.63,1,595.47,572.75
grid5x5_k2,budget4,25,3380,3380.0,884.0,1616.0,130.0,1616.0,0,1.0,572.98,1,511.52,498.89
grid5x5_k2,budget6,25,3424,3404.0,888.0,1732.0,127.0,1647.0,0,1.0,496.08,1,518.79,506.95
grid5x5_k2,budget8,25,3652,3748.0,1076.0,1828.0,137.0,1897.0,0,1.0,584.69,1,586.78,569.95
grid5x5_k2,tree_budget6,25,4340,4332.0,1096.0,2164.0,163.0,2015.0,0,1.0,861.48,1,645.14,632.06
grid5x5_k2,search,25,3216,3228.0,864.0,1596.0,123.0,1571.0,0,1.0,497.46,1,493.67,481.49
sparse20_k3,jt0,20,3249,4059.0,1299.0,990.0,102.0,1071.0,0,1.0,588.98,4,461.48,451.21
sparse20_k3,jt1,20,3195,4005.0,1299.0,882.0,102.0,1071.0,0,1.0,626.84,4,456.01,446.06
sparse20_k3,jt2,20,3276,4086.0,1299.0,990.0,102.0,1071.0,0,1.0,584.26,4,463.46,453.02
sparse20_k3,budget4,20,2577,2922.0,753.0,909.0,102.0,717.0,0,1.0,367.28,4,327.4,319.28
sparse20_k3,budget6,20,2637,2997.0,780.0,1062.0,101.0,743.0,0,1.0,373.84,4,338.71,330.5
sparse20_k3,tree_budget6,20,3213,3582.0,861.0,1179.0,110.0,851.0,0,1.0,428.01,4,398.35,388.0
sparse20_k3,search,20,2253,2607.0,708.0,1026.0,99.0,642.0,0,1.0,354.49,4,295.47,288.29
coupled3_k3_t6,jt0,18,5907,6849.0,1935.0,2187.0,102.0,1895.0,0,1.0,1684.86,0,767.21,782.3
coupled3_k3_t6,jt1,18,5907,6750.0,1845.0,2052.0,102.0,1859.0,0,1.0,1741.18,0,753.51,768.19
coupled3_k3_t6,jt2,18,6051,6921.0,1890.0,2025.0,103.0,1899.0,0,1.0,1722.82,0,770.53,785.42
coupled3_k3_t6,budget4,18,5424,5847.0,1287.0,2628.0,108.0,1439.0,0,1.0,1421.25,0,636.55,651.1
coupled3_k3_t6,budget6,18,5406,5892.0,1332.0,2664.0,111.0,1442.0,0,1.0,1369.58,0,640.39,655.09
coupled3_k3_t6,budget8,18,6870,7695.0,1923.0,2475.0,110.0,1990.0,0,1.0,1437.0,0,840.59,857.7
coupled3_k3_t6,tree_budget6,18,6948,7464.0,1596.0,3132.0,133.0,1797.0,0,1.0,1695.32,0,803.64,821.81
coupled3_k3_t6,search,18,4860,5322.0,1254.0,2439.0,99.0,1355.0,0,1.0,1330.17,0,586.99,600.29
factorial3_k3_t6,jt0,18,8055,9246.0,2583.0,2385.0,90.0,2624.0,0,1.0,2067.39,2,1048.64,1058.15
factorial3_k3_t6,jt1,18,7623,8751.0,2457.0,2826.0,90.0,2498.0,0,1.0,2154.8,2,1012.37,1011.85
factorial3_k3_t6,jt2,18,7623,8751.0,2457.0,2664.0,90.0,2498.0,0,1.0,2034.93,2,1007.35,1009.54
factorial3_k3_t6,budget4,18,6687,6771.0,1197.0,3213.0,84.0,1655.0,0,1.0,1405.47,2,771.94,754.66
factorial3_k3_t6,budget6,18,6363,6627.0,1314.0,3213.0,89.0,1648.0,0,1.0,1817.6,2,762.02,743.94
factorial3_k3_t6,budget8,18,6651,6879.0,1332.0,3393.0,89.0,1711.0,0,1.0,1983.51,2,792.84,773.1
factorial3_k3_t6,tree_budget6,18,9369,9291.0,1503.0,4428.0,104.0,2266.0,0,1.0,1945.91,2,1059.06,1035.03
factorial3_k3_t6,search,18,5886,6303.0,1395.0,2988.0,88.0,1617.0,0,1.0,1308.18,2,730.37,714.25
big_cycle16_k16,jt0,16,323584,378128.0,65024.0,131584.0,75.0,14810.0,32000,1.0,55681.41,1,44021.39,54053.75
big_cycle16_k16,jt1,16,299008,346384.0,57344.0,136192.0,75.0,13786.0,24320,1.0,62487.38,1,37603.49,45937.32
big_cycle16_k16,budget4,16,268544,281360.0,21248.0,125952.0,69.0,9844.0,0,1.0,30569.08,1,19361.39,22148.37
big_cycle16_k16,budget6,16,293120,309520.0,25600.0,123136.0,71.0,10902.0,0,1.0,38360.07,1,21312.73,24156.13
big_cycle16_k16,budget8,16,300544,324880.0,33792.0,133632.0,73.0,11704.0,768,1.0,39819.66,1,22843.95,26047.78
big_cycle16_k16,tree_budget6,16,351744,352528.0,11776.0,149760.0,77.0,11772.0,0,1.0,29371.37,1,24154.06,27548.88
big_cycle16_k16,search,16,243712,256784.0,20736.0,152832.0,67.0,9042.0,0,1.0,23740.58,1,17681.0,20763.61
big_grid4x4_k3,jt0,16,9054,9735.0,2229.0,4032.0,82.0,2609.0,0,1.0,1440.53,1,1092.36,1112.07
big_grid4x4_k3,jt1,16,9000,9627.0,2175.0,4032.0,82.0,2582.0,0,1.0,1471.52,1,1080.6,1100.67
big_grid4x4_k3,budget4,16,9117,9375.0,1770.0,4680.0,85.0,2342.0,0,1.0,1344.34,1,1020.21,1055.99
big_grid4x4_k3,budget6,16,8496,8835.0,1770.0,4185.0,83.0,2262.0,0,1.0,1303.01,1,971.67,1000.43
big_grid4x4_k3,budget8,16,10116,10446.0,2094.0,4680.0,87.0,2755.0,0,1.0,1623.5,1,1163.84,1191.46
big_grid4x4_k3,tree_budget6,16,10683,10977.0,2040.0,5535.0,97.0,2705.0,0,1.0,1707.21,1,1187.61,1231.48
big_grid4x4_k3,search,16,7857,8070.0,1554.0,4752.0,83.0,2064.0,0,1.0,1317.97,1,887.13,926.74
grid4x4_k3,jt0,16,9054,9735.0,2229.0,4032.0,82.0,2609.0,0,1.0,1417.42,4,1135.88,1112.07
grid4x4_k3,jt1,16,9000,9627.0,2175.0,4032.0,82.0,2582.0,0,1.0,1490.54,4,1124.18,1100.67
grid4x4_k3,budget4,16,9117,9375.0,1770.0,4680.0,85.0,2342.0,0,1.0,1363.29,4,1081.18,1055.99
grid4x4_k3,budget6,16,8496,8835.0,1770.0,4185.0,83.0,2262.0,0,1.0,1341.12,4,1023.43,1000.43
grid4x4_k3,budget8,16,10116,10446.0,2094.0,4680.0,87.0,2755.0,0,1.0,1596.94,4,1217.57,1191.46
grid4x4_k3,tree_budget6,16,10683,10977.0,2040.0,5535.0,97.0,2705.0,0,1.0,1727.25,4,1261.49,1231.48
grid4x4_k3,search,16,7857,8070.0,1554.0,4752.0,83.0,2064.0,0,1.0,1309.19,4,947.63,926.74
cycle16_k16,jt0,16,323584,378128.0,65024.0,131584.0,75.0,14810.0,32000,1.0,55854.88,1,44021.39,54053.75
cycle16_k16,jt1,16,299008,346384.0,57344.0,136192.0,75.0,13786.0,24320,1.0,55853.77,1,37603.49,45937.32
cycle16_k16,budget4,16,268544,281360.0,21248.0,125952.0,69.0,9844.0,0,1.0,30465.07,1,19361.39,22148.37
cycle16_k16,budget6,16,293120,309520.0,25600.0,123136.0,71.0,10902.0,0,1.0,36889.87,1,21312.73,24156.13
cycle16_k16,budget8,16,300544,324880.0,33792.0,133632.0,73.0,11704.0,768,1.0,38744.26,1,22843.95,26047.78
cycle16_k16,tree_budget6,16,351744,352528.0,11776.0,149760.0,77.0,11772.0,0,1.0,28999.82,1,24154.06,27548.88
cycle16_k16,search,16,243712,256784.0,20736.0,152832.0,67.0,9042.0,0,1.0,23621.46,1,17681.0,20763.61
chain16_k2,jt0,16,336,426.0,176.0,104.0,75.0,174.0,0,1.0,80.42,2,56.39,56.87
chain16_k2,jt1,16,336,426.0,176.0,84.0,75.0,174.0,0,1.0,87.63,2,55.77,56.59
chain16_k2,budget4,16,260,322.0,120.0,60.0,61.0,104.0,0,1.0,58.58,2,37.77,38.47
chain16_k2,budget8,16,288,354.0,134.0,76.0,64.0,125.0,0,1.0,60.45,2,43.49,44.08
chain16_k4,jt0,16,1344,1636.0,464.0,416.0,75.0,290.0,0,1.0,214.83,0,156.68,160.22
chain16_k4,jt1,16,1344,1636.0,464.0,336.0,75.0,290.0,0,1.0,182.68,0,155.7,159.08
chain16_k4,budget4,16,984,1108.0,240.0,240.0,61.0,164.0,0,1.0,186.82,0,100.57,102.91
chain16_k4,budget8,16,1232,1380.0,300.0,336.0,64.0,219.0,0,1.0,189.55,0,128.0,130.98
chain16_k8,jt0,16,5376,6408.0,1376.0,1664.0,75.0,522.0,0,1.0,763.37,3,537.21,533.23
chain16_k8,jt1,16,5376,6408.0,1376.0,1344.0,75.0,522.0,0,1.0,756.7,3,526.12,528.66
chain16_k8,budget4,16,3824,4072.0,480.0,960.0,61.0,284.0,0,1.0,547.03,3,330.82,330.09
chain16_k8,budget8,16,5856,6216.0,728.0,1600.0,64.0,455.0,0,1.0,726.5,3,512.9,509.12
chain16_k16,jt0,16,21504,25360.0,4544.0,6656.0,75.0,986.0,0,1.0,3765.21,1,1763.5,1944.5
chain16_k16,jt1,16,21504,25360.0,4544.0,5376.0,75.0,986.0,0,1.0,3804.84,1,1763.5,1926.23
chain16_k16,budget4,16,15072,15568.0,960.0,3840.0,61.0,524.0,0,1.0,2070.32,1,1067.44,1177.62
chain16_k16,budget8,16,31424,32400.0,1968.0,8448.0,64.0,1119.0,0,1.0,3948.14,1,2226.84,2461.77
chain16_k32,jt0,16,86016,100896.0,16256.0,26624.0,75.0,1914.0,0,1.0,18595.99,2,7307.93,7428.03
chain16_k32,jt1,16,86016,100896.0,16256.0,21504.0,75.0,1914.0,0,1.0,19021.75,2,7149.25,7354.93
chain16_k32,budget4,16,59840,60832.0,1920.0,15360.0,61.0,1004.0,0,1.0,15571.04,2,4361.32,4445.44
chain16_k32,budget8,16,190848,193824.0,5984.0,50176.0,64.0,3215.0,0,1.0,33863.81,2,13936.89,14184.27
chain15_k4,jt0,15,1488,2000.0,672.0,384.0,85.0,345.0,0,1.0,187.22,3,190.36,192.62
chain15_k4,jt1,15,1488,2000.0,672.0,320.0,85.0,345.0,0,1.0,248.24,3,188.15,191.71
chain15_k4,budget4,15,1052,1304.0,360.0,224.0,85.0,189.0,0,1.0,246.99,3,117.8,119.66
chain15_k4,budget6,15,2112,2544.0,684.0,336.0,88.0,440.0,0,1.0,411.23,3,237.03,243.02
chain15_k4,budget8,15,8668,9832.0,2288.0,1984.0,87.0,1847.0,0,1.0,735.78,3,961.87,971.62
chain15_k4,tree_budget6,15,2516,2936.0,692.0,400.0,102.0,458.0,0,1.0,374.52,3,266.49,272.94
tree12_k3,jt0,12,558,714.0,249.0,153.0,58.0,180.0,0,1.0,183.37,4,79.7,77.77
tree12_k3,jt1,12,531,678.0,240.0,126.0,57.0,176.0,0,1.0,174.49,4,76.12,74.36
tree12_k3,budget4,12,399,486.0,150.0,99.0,51.0,104.0,0,1.0,90.2,4,51.58,50.0
tree12_k3,random0,12,5892,5847.0,957.0,873.0,64.0,1440.0,0,1.0,1062.2,4,642.53,626.2
tree12_k3,random1,12,9927,9372.0,1209.0,4572.0,68.0,2326.0,0,1.0,953.26,4,1077.19,1051.78
tree12_k3,random2,12,7863,7917.0,1371.0,3996.0,76.0,1956.0,0,1.0,900.71,4,910.6,889.03
tree12_k3,random3,12,10320,9744.0,1254.0,4689.0,71.0,2413.0,0,1.0,1027.14,4,1118.29,1091.78
cycle10_k4,jt0,10,3040,3532.0,896.0,1040.0,45.0,682.0,0,1.0,245.4,2,354.77,356.57
cycle10_k4,jt1,10,2656,3084.0,800.0,1200.0,45.0,618.0,0,1.0,311.13,2,322.32,318.99
cycle10_k4,budget4,10,2560,2732.0,496.0,1088.0,41.0,470.0,0,1.0,223.72,2,274.26,270.97
cycle10_k4,budget6,10,2544,2732.0,512.0,1104.0,42.0,475.0,0,1.0,186.91,2,275.54,271.97
cycle10_k4,tree_budget6,10,3760,3820.0,528.0,1536.0,49.0,622.0,0,1.0,217.55,2,378.47,373.66
cycle10_k4,search,10,2288,2476.0,480.0,1392.0,40.0,433.0,0,1.0,229.31,2,262.24,252.46
cycle10_k4,none_greedy,10,2496,2796.0,624.0,1056.0,43.0,512.0,0,1.0,278.27,2,283.72,281.28
cycle10_k4,none_tree,10,4000,4076.0,576.0,1920.0,52.0,669.0,0,1.0,242.63,2,413.38,403.53
cycle10_k4,random0,10,3440,3852.0,880.0,1376.0,47.0,740.0,0,1.0,411.54,2,393.82,391.74
cycle10_k4,random1,10,5936,6316.0,1136.0,2416.0,51.0,1112.0,0,1.0,397.87,2,634.93,628.95
cycle10_k4,random2,10,51312,50732.0,7008.0,22736.0,58.0,9899.0,0,1.0,13267.48,2,5353.52,5248.85
cycle10_k4,random3,10,91872,86636.0,7008.0,18560.0,58.0,14555.0,0,1.0,25474.16,2,8148.93,8311.21
sparse10_k3,jt0,10,1152,1536.0,549.0,234.0,52.0,407.0,0,1.0,196.16,0,166.11,169.0
sparse10_k3,jt1,10,981,1266.0,432.0,234.0,49.0,332.0,0,1.0,170.08,0,136.88,139.35
sparse10_k3,jt2,10,927,1203.0,414.0,207.0,49.0,314.0,0,1.0,196.45,0,129.65,131.97
sparse10_k3,budget4,10,687,822.0,240.0,207.0,47.0,195.0,0,1.0,157.47,0,86.36,88.09
sparse10_k3,budget6,10,732,858.0,240.0,225.0,47.0,204.0,0,1.0,112.55,0,90.32,92.14
sparse10_k3,budget8,10,1350,1671.0,510.0,405.0,57.0,409.0,0,1.0,231.43,0,177.31,180.79
sparse10_k3,tree_budget6,10,840,993.0,276.0,252.0,53.0,228.0,0,1.0,144.52,0,103.17,105.27
sparse10_k3,search,10,633,768.0,231.0,198.0,46.0,182.0,0,1.0,127.63,0,80.71,82.34
sparse10_k3,none_greedy,10,723,903.0,285.0,189.0,46.0,218.0,0,1.0,137.58,0,94.98,96.8
sparse10_k3,none_tree,10,867,993.0,258.0,225.0,51.0,229.0,0,1.0,132.2,0,102.99,105.04
sparse10_k3,random0,10,1188,1473.0,468.0,207.0,53.0,384.0,0,1.0,246.23,0,158.11,160.85
sparse10_k3,random1,10,1605,1992.0,624.0,369.0,59.0,513.0,0,1.0,362.18,0,213.93,217.82
sparse10_k3,random2,10,1767,2100.0,615.0,216.0,60.0,553.0,0,1.0,295.15,0,225.29,229.04
sparse10_k3,random3,10,8532,8817.0,1686.0,279.0,69.0,2203.0,0,1.0,1073.31,0,919.74,934.34
tree9_k4,jt0,9,656,808.0,240.0,128.0,40.0,150.0,0,1.0,88.39,1,78.27,79.07
tree9_k4,jt1,9,656,808.0,240.0,160.0,40.0,150.0,0,1.0,100.57,1,78.27,79.53
tree9_k4,budget4,9,492,576.0,144.0,128.0,37.0,91.0,0,1.0,54.7,1,52.83,54.43
tree9_k4,random0,9,1220,1408.0,328.0,432.0,44.0,230.0,0,1.0,90.38,1,130.55,135.92
tree9_k4,random1,9,1252,1344.0,248.0,224.0,42.0,220.0,0,1.0,125.46,1,124.7,127.13
tree9_k4,random2,9,2220,2320.0,380.0,368.0,48.0,386.0,0,1.0,127.7,1,216.42,220.14
tree9_k4,random3,9,2360,2728.0,632.0,224.0,48.0,454.0,0,1.0,235.3,1,254.5,255.89
grid3x3_k3,jt0,9,2241,2721.0,837.0,684.0,44.0,748.0,0,1.0,399.81,4,313.87,307.41
grid3x3_k3,jt1,9,2214,2685.0,819.0,639.0,44.0,730.0,0,1.0,357.93,4,308.07,301.57
grid3x3_k3,jt2,9,2187,2613.0,783.0,684.0,44.0,721.0,0,1.0,326.58,4,302.17,296.01
grid3x3_k3,budget4,9,1863,2073.0,513.0,684.0,42.0,533.0,0,1.0,232.16,4,236.24,230.83
grid3x3_k3,budget6,9,1845,2073.0,531.0,828.0,44.0,541.0,0,1.0,233.28,4,239.4,234.12
grid3x3_k3,tree_budget6,9,2205,2406.0,540.0,855.0,47.0,580.0,0,1.0,249.09,4,269.63,262.82
grid3x3_k3,search,9,1719,1938.0,495.0,729.0,42.0,497.0,0,1.0,219.72,4,221.94,216.88
grid3x3_k3,none_greedy,9,1899,2181.0,585.0,567.0,44.0,568.0,0,1.0,259.14,4,247.41,241.79
grid3x3_k3,none_tree,9,2349,2604.0,612.0,954.0,49.0,633.0,0,1.0,321.82,4,292.97,285.67
grid3x3_k3,random0,9,2916,3459.0,990.0,621.0,51.0,911.0,0,1.0,450.64,4,389.89,381.07
grid3x3_k3,random1,9,2943,3405.0,927.0,864.0,50.0,898.0,0,1.0,544.4,4,387.54,378.92
grid3x3_k3,random2,9,11205,11514.0,2160.0,1503.0,65.0,2893.0,0,1.0,3540.95,4,1270.28,1238.89
grid3x3_k3,random3,9,38529,34284.0,2916.0,8028.0,63.0,8582.0,0,1.0,13818.28,4,3828.01,3734.66
grid3x3_k2,jt0,9,532,636.0,240.0,156.0,44.0,326.0,0,1.0,90.39,3,94.24,95.15
grid3x3_k2,jt1,9,524,628.0,236.0,144.0,44.0,318.0,0,1.0,85.31,3,92.12,93.2
grid3x3_k2,jt2,9,524,620.0,232.0,156.0,44.0,318.0,0,1.0,103.17,3,92.04,92.84
grid3x3_k2,budget4,9,472,540.0,184.0,164.0,42.0,252.0,0,1.0,121.03,3,77.38,77.41
grid3x3_k2,budget6,9,464,540.0,192.0,196.0,44.0,258.0,0,1.0,143.84,3,79.39,78.79
grid3x3_k2,tree_budget6,9,564,636.0,200.0,220.0,47.0,275.0,0,1.0,124.53,3,88.79,88.18
grid3x3_k2,search,9,460,532.0,188.0,176.0,42.0,256.0,0,1.0,78.07,3,77.9,77.66
grid3x3_k2,none_greedy,9,480,572.0,208.0,148.0,43.0,275.0,0,1.0,103.53,3,82.29,82.87
grid3x3_k2,none_tree,9,588,676.0,220.0,224.0,49.0,297.0,0,1.0,189.31,3,94.74,94.32
grid3x3_k2,random0,9,640,756.0,268.0,200.0,50.0,364.0,0,1.0,155.36,3,108.99,109.68
grid3x3_k2,random1,9,728,868.0,312.0,176.0,51.0,427.0,0,1.0,137.81,3,124.65,126.56
grid3x3_k2,random2,9,988,1124.0,368.0,248.0,54.0,540.0,0,1.0,163.06,3,160.16,162.18
grid3x3_k2,random3,9,940,1036.0,328.0,296.0,54.0,500.0,0,1.0,156.72,3,150.3,150.79
grid3x3_k4,jt0,9,6416,7880.0,2200.0,2000.0,44.0,1450.0,0,1.0,617.93,4,808.67,779.89
grid3x3_k4,jt1,9,6352,7784.0,2152.0,1888.0,44.0,1418.0,0,1.0,784.86,4,795.57,766.92
grid3x3_k4,jt2,9,6224,7496.0,2008.0,2000.0,44.0,1386.0,0,1.0,575.93,4,771.58,744.3
grid3x3_k4,budget4,9,5120,5608.0,1112.0,1968.0,42.0,976.0,0,1.0,359.81,4,575.35,554.16
grid3x3_k4,budget6,9,5088,5608.0,1144.0,2384.0,44.0,986.0,0,1.0,335.69,4,582.62,561.65
grid3x3_k4,tree_budget6,9,6032,6472.0,1144.0,2352.0,47.0,1065.0,0,1.0,367.63,4,656.51,631.22
grid3x3_k4,search,9,5040,5416.0,1000.0,1984.0,41.0,939.0,0,1.0,338.95,4,556.32,535.83
grid3x3_k4,none_greedy,9,5280,5992.0,1336.0,1648.0,44.0,1050.0,0,1.0,431.33,4,609.33,586.72
grid3x3_k4,none_tree,9,6512,7080.0,1320.0,2784.0,49.0,1171.0,0,1.0,482.48,4,722.0,694.45
grid3x3_k4,random0,9,8928,10120.0,2216.0,3392.0,48.0,1742.0,0,1.0,557.84,4,1033.3,994.77
grid3x3_k4,random1,9,9104,11624.0,3496.0,2656.0,56.0,2118.0,0,1.0,821.63,4,1185.8,1143.0
grid3x3_k4,random2,9,11744,13320.0,2888.0,5728.0,54.0,2252.0,0,1.0,799.54,4,1372.14,1321.06
grid3x3_k4,random3,9,15264,16776.0,3288.0,6176.0,58.0,2848.0,0,1.0,1203.34,4,1715.14,1650.81
grid3x3_k6,jt0,9,29268,36420.0,9288.0,9324.0,44.0,3982.0,0,1.0,4002.77,1,3010.47,3185.55
grid3x3_k6,jt1,9,29052,36060.0,9108.0,8928.0,44.0,3910.0,0,1.0,4078.2,1,2974.64,3144.68
grid3x3_k6,jt2,9,28188,34260.0,8208.0,9324.0,44.0,3766.0,0,1.0,3809.48,1,2835.68,3007.63
grid3x3_k6,budget4,9,22248,23892.0,3456.0,9108.0,42.0,2492.0,0,1.0,1802.39,1,1952.52,2113.9
grid3x3_k6,budget6,9,22176,23892.0,3528.0,10980.0,44.0,2506.0,0,1.0,3293.72,1,1955.12,2142.79
grid3x3_k6,tree_budget6,9,26100,27492.0,3456.0,10332.0,47.0,2743.0,0,1.0,3820.45,1,2223.53,2411.07
grid3x3_k6,search,9,21996,23460.0,3276.0,9432.0,42.0,2456.0,0,1.0,1613.63,1,1918.9,2084.06
grid3x3_k6,none_greedy,9,23256,26052.0,4608.0,7668.0,44.0,2722.0,0,1.0,2553.12,1,2129.91,2273.42
grid3x3_k6,none_tree,9,28620,30444.0,4068.0,13104.0,49.0,3045.0,0,1.0,3071.73,1,2463.68,2694.86
grid3x3_k6,random0,9,48276,57732.0,12816.0,21708.0,52.0,5910.0,0,1.0,7506.41,1,4697.23,5086.45
grid3x3_k6,random1,9,1068444,1269636.0,320328.0,317592.0,59.0,183187.0,287506,1.0,757077.44,1,272298.63,338656.48
grid3x3_k6,random2,9,101844,112596.0,18576.0,52812.0,52.0,11526.0,0,1.0,13386.89,1,9161.03,10069.71
grid3x3_k6,random3,9,66492,76956.0,15372.0,25812.0,53.0,7969.0,0,1.0,12951.08,1,6278.3,6749.62
chain8_k8,jt0,8,2880,3848.0,1120.0,832.0,43.0,306.0,0,1.0,296.51,2,309.25,316.67
chain8_k8,jt1,8,2816,3784.0,1120.0,640.0,43.0,306.0,0,1.0,490.39,2,299.38,309.64
chain8_k8,budget4,8,1936,2280.0,448.0,448.0,43.0,162.0,0,1.0,289.05,2,178.84,184.0
chain8_k8,budget6,8,6176,6728.0,920.0,512.0,46.0,493.0,0,1.0,665.49,2,504.96,533.72
chain8_k8,tree_budget6,8,6472,7064.0,960.0,448.0,51.0,498.0,0,1.0,683.27,2,524.35,556.06
chain8_k8,none_tree,8,1952,2184.0,336.0,448.0,43.0,146.0,0,1.0,288.38,2,170.47,175.11
chain8_k8,random1,8,17160,17752.0,1664.0,6336.0,55.0,1302.0,0,1.0,3535.02,2,1487.02,1479.6
chain8_k8,random2,8,7688,8408.0,1160.0,1984.0,55.0,598.0,0,1.0,732.56,2,669.89,683.39
cycle8_k4,jt0,8,2240,2628.0,688.0,784.0,35.0,514.0,0,1.0,190.83,3,268.95,266.46
cycle8_k4,jt1,8,1984,2308.0,592.0,816.0,35.0,450.0,0,1.0,197.25,3,240.4,235.62
cycle8_k4,budget4,8,1856,2020.0,400.0,736.0,32.0,355.0,0,1.0,143.33,3,205.32,200.53
cycle8_k4,budget6,8,1856,2020.0,400.0,640.0,32.0,355.0,0,1.0,139.35,3,201.99,199.16
cycle8_k4,budget8,8,1936,2212.0,528.0,784.0,34.0,413.0,0,1.0,215.19,3,227.72,223.02
cycle8_k4,tree_budget6,8,2544,2596.0,368.0,1024.0,36.0,423.0,0,1.0,142.26,3,261.57,253.69
cycle8_k4,search,8,1712,1892.0,400.0,1008.0,32.0,339.0,0,1.0,179.2,3,204.33,193.38
cycle8_k4,none_tree,8,2784,2852.0,416.0,1280.0,39.0,470.0,0,1.0,149.9,3,293.54,281.74
cycle8_k4,random0,8,3408,3716.0,752.0,1280.0,42.0,677.0,0,1.0,299.36,3,378.74,371.54
cycle8_k4,random1,8,4128,4388.0,784.0,1184.0,41.0,768.0,0,1.0,279.74,3,431.16,429.19
cycle8_k4,random2,8,6432,6628.0,1008.0,1824.0,46.0,1129.0,0,1.0,733.05,3,647.82,644.0
cycle8_k4,random3,8,3424,3652.0,656.0,1392.0,39.0,630.0,0,1.0,194.71,3,371.55,361.59
grid2x4_k3,jt0,8,1017,1233.0,390.0,306.0,37.0,346.0,0,1.0,133.13,1,141.25,140.33
grid2x4_k3,jt1,8,936,1143.0,372.0,369.0,37.0,328.0,0,1.0,185.01,1,132.29,132.43
grid2x4_k3,jt2,8,936,1143.0,372.0,342.0,37.0,328.0,0,1.0,126.8,1,132.29,132.04
grid2x4_k3,budget4,8,891,1017.0,273.0,342.0,38.0,260.0,0,1.0,115.19,1,111.78,113.11
grid2x4_k3,budget6,8,846,981.0,273.0,369.0,36.0,252.0,0,1.0,105.27,1,108.05,109.85
grid2x4_k3,budget8,8,801,945.0,273.0,405.0,34.0,244.0,0,1.0,97.57,1,104.31,106.72
grid2x4_k3,tree_budget6,8,1098,1161.0,237.0,459.0,38.0,269.0,0,1.0,139.7,1,122.43,125.8
grid2x4_k3,search,8,783,909.0,255.0,315.0,36.0,234.0,0,1.0,121.9,1,100.21,101.48
grid2x4_k3,none_tree,8,1080,1161.0,255.0,477.0,40.0,277.0,0,1.0,132.84,1,123.91,127.3
grid2x4_k3,random0,8,1422,1665.0,480.0,387.0,41.0,452.0,0,1.0,220.72,1,187.9,186.77
grid2x4_k3,random1,8,1746,1953.0,507.0,720.0,40.0,529.0,0,1.0,263.56,1,220.19,222.69
grid2x4_k3,random2,8,2034,2259.0,552.0,666.0,43.0,577.0,0,1.0,257.27,1,248.19,249.82
grid2x4_k3,random3,8,2178,2466.0,633.0,774.0,48.0,633.0,0,1.0,292.46,1,271.51,273.86
sparse8_k2,jt0,8,284,350.0,140.0,88.0,37.0,172.0,0,1.0,56.59,4,51.01,51.25
sparse8_k2,jt1,8,300,366.0,144.0,60.0,37.0,180.0,0,1.0,43.12,4,52.91,53.15
sparse8_k2,jt2,8,276,342.0,140.0,80.0,37.0,172.0,0,1.0,65.85,4,50.31,50.6
sparse8_k2,budget4,8,274,330.0,120.0,88.0,38.0,141.0,0,1.0,61.22,4,45.2,45.12
sparse8_k2,budget6,8,270,322.0,116.0,104.0,37.0,138.0,0,1.0,54.64,4,44.42,44.35
sparse8_k2,budget8,8,254,322.0,128.0,84.0,36.0,147.0,0,1.0,43.74,4,45.4,45.46
sparse8_k2,tree_budget6,8,330,378.0,124.0,120.0,41.0,154.0,0,1.0,61.57,4,50.99,50.8
sparse8_k2,search,8,238,290.0,108.0,80.0,35.0,124.0,0,1.0,42.54,4,39.77,39.7
sparse8_k2,none_tree,8,338,386.0,124.0,124.0,41.0,154.0,0,1.0,90.43,4,51.63,51.39
sparse8_k2,random0,8,408,494.0,188.0,112.0,45.0,240.0,0,1.0,85.27,4,71.44,71.73
sparse8_k2,random1,8,844,990.0,340.0,136.0,56.0,473.0,0,1.0,159.21,4,140.8,141.26
sparse8_k2,random2,8,680,750.0,240.0,100.0,46.0,359.0,0,1.0,87.17,4,106.72,107.07
sparse8_k2,random3,8,584,670.0,226.0,204.0,51.0,310.0,0,1.0,88.23,4,95.45,95.64
ternary8_k3,jt0,8,909,1017.0,282.0,414.0,33.0,294.0,0,1.0,138.08,3,122.21,119.39
ternary8_k3,jt1,8,828,927.0,264.0,315.0,33.0,276.0,0,1.0,147.54,3,110.44,109.17
ternary8_k3,budget4,8,702,729.0,156.0,324.0,29.0,188.0,0,1.0,134.99,3,85.13,82.45
ternary8_k3,budget8,8,693,729.0,165.0,297.0,30.0,192.0,0,1.0,107.18,3,84.79,82.69
ternary8_k3,tree_budget6,8,711,729.0,147.0,315.0,28.0,184.0,0,1.0,125.92,3,84.21,81.71
ternary8_k3,random1,8,1341,1332.0,237.0,468.0,32.0,344.0,0,1.0,190.82,3,151.32,148.96
ternary8_k3,random2,8,5148,5076.0,822.0,2817.0,39.0,1281.0,0,1.0,576.01,3,607.97,577.8
ternary8_k3,random3,8,2844,2835.0,498.0,1278.0,37.0,733.0,0,1.0,445.03,3,331.96,321.2
cycle8_k2,jt0,8,296,346.0,132.0,100.0,35.0,174.0,0,1.0,49.48,3,51.29,51.46
cycle8_k2,jt1,8,264,314.0,124.0,108.0,35.0,158.0,0,1.0,44.29,3,47.16,46.96
cycle8_k2,budget4,8,256,290.0,100.0,104.0,32.0,129.0,0,1.0,38.84,3,41.16,40.82
cycle8_k2,budget6,8,256,290.0,100.0,96.0,32.0,129.0,0,1.0,50.07,3,40.88,40.7
cycle8_k2,budget8,8,260,306.0,116.0,108.0,34.0,147.0,0,1.0,39.62,3,45.0,44.73
cycle8_k2,tree_budget6,8,348,370.0,108.0,152.0,36.0,153.0,0,1.0,80.76,3,51.44,50.57
cycle8_k2,search,8,236,274.0,100.0,132.0,32.0,125.0,0,1.0,41.13,3,40.52,39.53
cycle8_k2,none_tree,8,376,402.0,120.0,176.0,39.0,170.0,0,1.0,46.1,3,56.83,55.68
cycle8_k2,random0,8,360,410.0,148.0,156.0,39.0,202.0,0,1.0,57.42,3,61.45,60.87
cycle8_k2,random1,8,436,474.0,152.0,172.0,41.0,220.0,0,1.0,65.56,3,68.72,68.16
cycle8_k2,random2,8,568,602.0,180.0,172.0,42.0,279.0,0,1.0,108.18,3,85.6,85.84
cycle8_k2,random3,8,536,578.0,180.0,216.0,45.0,268.0,0,1.0,80.75,3,83.97,83.16
cycle8_k8,jt0,8,17408,20680.0,4416.0,6208.0,35.0,1770.0,0,1.0,2559.01,1,1617.95,1746.01
cycle8_k8,jt1,8,15360,17864.0,3520.0,6336.0,35.0,1514.0,0,1.0,2266.57,1,1394.85,1519.84
cycle8_k8,budget4,8,14080,15176.0,1984.0,5504.0,32.0,1167.0,0,1.0,1396.7,1,1162.77,1274.47
cycle8_k8,budget6,8,14080,15176.0,1984.0,4608.0,32.0,1167.0,0,1.0,1523.16,1,1162.77,1261.68
cycle8_k8,budget8,8,14912,16968.0,3008.0,5952.0,34.0,1377.0,0,1.0,1936.76,1,1313.51,1433.23
cycle8_k8,tree_budget6,8,19392,19528.0,1344.0,7424.0,36.0,1395.0,0,1.0,1108.62,1,1476.35,1628.35
cycle8_k8,search,8,12992,14152.0,1984.0,7872.0,32.0,1103.0,0,1.0,1100.2,1,1087.06,1229.87
cycle8_k8,none_tree,8,21376,21576.0,1536.0,9728.0,39.0,1550.0,0,1.0,1246.28,1,1632.8,1822.25
cycle8_k8,random0,8,17472,19912.0,3584.0,7808.0,36.0,1651.0,0,1.0,2276.68,1,1547.95,1699.08
cycle8_k8,random1,8,105024,102472.0,4288.0,42688.0,40.0,7447.0,0,1.0,9551.52,1,7770.67,8617.55
cycle8_k8,random2,8,53952,54984.0,4416.0,20736.0,42.0,4009.0,0,1.0,5335.59,1,4172.0,4595.02
cycle8_k8,random3,8,44032,50120.0,8576.0,18624.0,44.0,3707.0,0,1.0,4929.17,1,3812.74,4192.7
cycle8_k16,jt0,8,137216,164496.0,31744.0,49408.0,35.0,6586.0,0,1.0,27312.61,1,11474.27,12731.31
cycle8_k16,jt1,8,120832,140944.0,24064.0,49920.0,35.0,5562.0,0,1.0,26322.73,1,9816.33,11004.29
cycle8_k16,budget4,8,109568,117904.0,11776.0,42496.0,32.0,4231.0,0,1.0,17972.59,1,8133.11,9150.79
cycle8_k16,budget6,8,109568,117904.0,11776.0,34816.0,32.0,4231.0,0,1.0,18927.12,1,8133.11,9041.13
cycle8_k16,budget8,8,116992,133264.0,19968.0,46336.0,34.0,5033.0,0,1.0,23665.92,1,9239.37,10357.43
cycle8_k16,tree_budget6,8,151296,151696.0,5120.0,56320.0,36.0,5067.0,0,1.0,15999.3,1,10393.97,11738.76
cycle8_k16,search,8,101120,109712.0,11776.0,62208.0,32.0,3975.0,0,1.0,11905.61,1,7575.09,8844.48
cycle8_k16,none_tree,8,167424,168080.0,5888.0,75776.0,39.0,5630.0,0,1.0,14986.64,1,11519.51,13199.99
cycle8_k16,random0,8,428032,451728.0,37120.0,131584.0,41.0,15904.0,4224,1.0,86115.34,1,33440.81,37811.15
cycle8_k16,random1,8,2525440,2545296.0,98816.0,152576.0,42.0,85553.0,65920,1.0,801850.38,1,210975.03,236370.41
cycle8_k16,random2,8,2800128,2819216.0,106752.0,324608.0,43.0,94786.0,73856,1.0,819127.56,1,234150.4,264680.77
cycle8_k16,random3,8,429056,433296.0,17920.0,144384.0,41.0,14880.0,0,1.0,39651.02,1,29764.54,33357.41
star8_k4,jt0,8,752,1044.0,368.0,112.0,45.0,180.0,0,1.0,135.07,0,97.31,99.27
star8_k4,budget4,8,408,516.0,160.0,112.0,41.0,88.0,0,1.0,37.9,0,48.64,49.72
star8_k4,budget6,8,412,524.0,164.0,112.0,42.0,89.0,0,1.0,35.71,0,49.32,50.41
star8_k4,budget8,8,416,532.0,168.0,112.0,43.0,90.0,0,1.0,36.43,0,50.0,51.1
star8_k4,tree_budget6,8,448,596.0,200.0,112.0,51.0,98.0,0,1.0,40.5,0,55.41,56.62
star8_k4,none_tree,8,432,564.0,184.0,112.0,47.0,94.0,0,1.0,37.38,0,52.7,53.86
star8_k4,random0,8,628,796.0,240.0,96.0,49.0,132.0,0,1.0,61.33,0,73.51,75.03
star8_k4,random1,8,644,796.0,228.0,96.0,52.0,131.0,0,1.0,52.71,0,73.36,74.88
star8_k4,random2,8,796,972.0,268.0,80.0,53.0,160.0,0,1.0,78.42,0,89.12,90.91
star8_k4,random3,8,528,692.0,224.0,112.0,54.0,113.0,0,1.0,46.48,0,63.99,65.36
star8_k16,jt0,8,12032,16272.0,4544.0,1792.0,45.0,612.0,0,1.0,4166.68,0,1176.49,1209.09
star8_k16,budget4,8,5664,6096.0,640.0,1792.0,41.0,256.0,0,1.0,760.91,0,458.68,473.09
star8_k16,budget6,8,5680,6128.0,656.0,1792.0,42.0,257.0,0,1.0,779.39,0,460.92,475.39
star8_k16,budget8,8,5696,6160.0,672.0,1792.0,43.0,258.0,0,1.0,758.43,0,463.15,477.68
star8_k16,tree_budget6,8,5824,6416.0,800.0,1792.0,51.0,266.0,0,1.0,794.0,0,481.06,496.05
star8_k16,none_tree,8,5760,6288.0,736.0,1792.0,47.0,262.0,0,1.0,786.07,0,472.11,486.87
star8_k16,random0,8,6496,7760.0,1472.0,1792.0,48.0,311.0,0,1.0,1266.86,0,575.56,592.95
star8_k16,random1,8,154672,155632.0,5808.0,66816.0,49.0,5240.0,0,1.0,51090.58,0,11767.7,12178.76
star8_k16,random2,8,16192,17680.0,2000.0,1536.0,51.0,650.0,0,1.0,3897.01,0,1270.91,1305.53
star8_k16,random3,8,56096,64976.0,10656.0,4608.0,52.0,2491.0,0,1.0,12458.71,0,4673.88,4798.94
star7_k4,jt0,7,592,800.0,272.0,96.0,36.0,140.0,0,1.0,97.95,4,79.58,76.53
star7_k4,budget4,7,356,456.0,144.0,96.0,37.0,77.0,0,1.0,30.85,4,45.55,43.78
star7_k4,budget6,7,344,432.0,132.0,96.0,34.0,74.0,0,1.0,31.04,4,43.37,41.71
star7_k4,budget8,7,348,440.0,136.0,96.0,35.0,75.0,0,1.0,31.38,4,44.1,42.4
star7_k4,tree_budget6,7,372,488.0,160.0,96.0,41.0,81.0,0,1.0,31.31,4,48.45,46.54
star7_k4,random0,7,688,800.0,196.0,64.0,41.0,133.0,0,1.0,60.84,4,78.14,75.0
star7_k4,random1,7,652,792.0,216.0,80.0,43.0,131.0,0,1.0,57.31,4,77.5,74.38
star7_k4,random2,7,2024,2192.0,412.0,48.0,44.0,364.0,0,1.0,201.68,4,212.25,203.61
star7_k4,random3,7,4604,4568.0,556.0,1072.0,44.0,760.0,0,1.0,308.9,4,456.24,438.41
star6_k4,jt0,6,448,588.0,192.0,80.0,28.0,105.0,0,1.0,69.82,1,56.19,56.71
star6_k4,budget4,6,288,364.0,112.0,80.0,29.0,62.0,0,1.0,25.04,1,34.22,35.08
star6_k4,budget6,6,284,356.0,108.0,80.0,28.0,61.0,0,1.0,24.37,1,33.54,34.39
star6_k4,tree_budget6,6,300,388.0,124.0,80.0,32.0,65.0,0,1.0,26.09,1,36.28,37.15
star6_k4,search,6,280,348.0,104.0,80.0,27.0,60.0,0,1.0,23.87,1,32.85,33.7
star6_k4,random0,6,456,540.0,140.0,64.0,33.0,90.0,0,1.0,37.8,1,50.4,50.95
star6_k4,random1,6,348,452.0,144.0,80.0,34.0,75.0,0,1.0,31.08,1,42.13,42.98
star6_k4,random2,6,432,524.0,144.0,64.0,31.0,88.0,0,1.0,40.31,1,49.03,49.57
star6_k4,random3,6,464,556.0,148.0,64.0,32.0,93.0,0,1.0,41.5,1,51.96,52.49
grid2x3_k2,jt0,6,200,246.0,100.0,60.0,26.0,125.0,0,1.0,30.18,2,36.37,36.63
grid2x3_k2,jt1,6,184,230.0,96.0,72.0,26.0,117.0,0,1.0,30.73,2,34.52,34.49
grid2x3_k2,jt2,6,192,238.0,100.0,60.0,26.0,125.0,0,1.0,42.5,2,35.88,36.09
grid2x3_k2,budget4,6,200,238.0,88.0,72.0,27.0,108.0,0,1.0,57.4,2,33.61,33.64
grid2x3_k2,budget6,6,168,206.0,80.0,72.0,24.0,95.0,0,1.0,25.03,2,29.63,29.49
grid2x3_k2,tree_budget6,6,228,254.0,80.0,92.0,27.0,104.0,0,1.0,60.19,2,34.59,34.38
grid2x3_k2,search,6,168,206.0,80.0,64.0,25.0,94.0,0,1.0,51.2,2,29.22,29.22
grid2x3_k2,random0,6,248,286.0,108.0,76.0,27.0,148.0,0,1.0,40.81,2,42.9,43.09
grid2x3_k2,random1,6,280,334.0,124.0,116.0,30.0,161.0,0,1.0,51.46,2,49.1,48.88
grid2x3_k2,random2,6,316,374.0,136.0,88.0,32.0,179.0,0,1.0,57.94,2,53.48,53.94
grid2x3_k2,random3,6,376,430.0,148.0,124.0,33.0,206.0,0,1.0,56.35,2,62.23,62.37
ternary6_k3,jt0,6,567,633.0,180.0,252.0,23.0,190.0,0,1.0,85.49,0,73.83,75.31
ternary6_k3,jt1,6,567,633.0,180.0,171.0,23.0,190.0,0,1.0,90.32,0,72.83,74.15
ternary6_k3,budget4,6,459,471.0,99.0,207.0,20.0,124.0,0,1.0,67.73,0,52.47,53.63
ternary6_k3,budget6,6,450,471.0,108.0,198.0,21.0,128.0,0,1.0,66.24,0,52.99,54.12
ternary6_k3,tree_budget6,6,459,471.0,99.0,189.0,20.0,124.0,0,1.0,70.25,0,52.25,53.37
ternary6_k3,search,6,450,471.0,108.0,180.0,21.0,128.0,0,1.0,69.63,0,52.76,53.86
ternary6_k3,random0,6,990,975.0,171.0,477.0,22.0,258.0,0,1.0,133.35,0,109.43,111.91
ternary6_k3,random1,6,963,948.0,171.0,369.0,22.0,258.0,0,1.0,128.18,0,106.34,108.56
ternary6_k3,random2,6,1422,1371.0,225.0,468.0,22.0,375.0,0,1.0,220.06,0,153.27,156.36
ternary6_k3,random3,6,1710,1650.0,252.0,405.0,23.0,424.0,0,1.0,199.46,0,178.28,181.7
