model,groups,flops,collapses,chosen_by_price,chosen_by_lam,matches,eps_static,kl_measured,mode_tv,mean_err_sd,long_mean_err_vs_gpb2,window,bound_setup_s,bound_sites,compile_s
"maneuver(2,1)",m x,18,1,0 1 3 10 30,0 1 10 100 1e+06,gpb1,0.31834,0.07272,0.09461,0.17472,0.48827,6,0.01,20,0.19
"maneuver(2,1)",m+x,26,2,100,,imm,0.21238,0.03177,0.01187,0.05717,0.10606,6,0.01,20,0.04
"maneuver(2,1)",m+x,32,2,300 1000 10000,,gpb2,0.17654,0.0202,0.00139,0.00375,0.0,6,0.01,20,0.04
"maneuver(3,1)",m x,30,1,0 1 3 10 30 100,0 1 10 100 1e+06,gpb1,0.26549,0.08407,0.18483,0.21603,0.40644,6,0.01,20,0.93
"maneuver(3,1)",m+x,51,2,300,,imm,0.13899,0.02008,0.0159,0.06194,0.06922,6,0.01,20,0.05
"maneuver(3,1)",m+x,69,2,1000 10000,,gpb2,0.11528,0.01456,0.00251,0.00656,0.0,6,0.01,20,0.05
"maneuver(2,2)",m x,62,1,0 1 3 10 30 100,0 1 10 100 1e+06,gpb1,0.72145,0.20759,0.21505,0.30887,0.49425,6,0.01,20,0.19
"maneuver(2,2)",m+x,128,2,300 1000 10000,,gpb2,0.33083,0.09098,0.02552,0.05505,0.0,6,0.01,20,0.07
"maneuver(3,2,obs)",m x,96,1,0 1 3 10 30 100,0 1 10 100 1e+06,gpb1,1.46795,0.30404,0.4432,0.84111,37.13222,6,0.01,13,0.97
"maneuver(3,2,obs)",m+x,279,2,300 1000 10000,,gpb2,0.55395,0.07935,0.00973,0.05665,0.0,6,0.01,13,0.06
outlier(1),o+x,12,1,0 1 3 10 30 100 300 1000 10000,0 1 10 100 1e+06,imm=gpb1,0.56911,0.01866,0.0112,0.10173,0.1472,6,0.01,3,0.16
outlier(2),o+x,76,1,0 1 3 10 30 100 300 1000 10000,0 1 10 100 1e+06,imm=gpb1,1.13822,0.0139,0.00021,0.01832,0.06233,6,0.01,3,0.2
"targets(2,2,1)",m0+x0 m1+x1,44,4,0 1,0,imm,1.3466,0.33856,0.02019,0.0803,0.22006,5,0.02,1527,101.46
"targets(2,2,1)",m0+x0 m1+x1,48,4,3 10,,imm,0.64863,0.10588,0.02019,0.0803,0.22006,5,0.02,1527,28.73
"targets(2,2,1)",m0 x0 m1 x1,60,2,30,10 100 1e+06,gpb1,0.69797,0.13629,0.15017,0.35547,0.60919,5,0.02,1527,31.65
"targets(2,2,1)",m0+x0 m1+x1,76,4,100 300 1000 10000,,gpb2,0.41604,0.03805,0.00596,0.0228,0.0,5,0.02,1527,32.69
"targets(2,2,1)",m0 x0 m1 x1,54,2,,1,-,0.91011,0.27301,0.16659,0.57598,1.28711,5,0.02,1527,29.24
"targets(2,2,2)",m0 x0 m1 x1,150,2,0 1 3 10 30,0 1,-,1.87513,0.4129,0.26749,0.28761,0.60243,5,0.02,1527,124.61
"targets(2,2,2)",m0+x0 m1+x1,268,4,100,,gpb2,0.76764,0.17411,0.0417,0.09014,0.0,5,0.02,1527,30.44
"targets(2,2,2)",m0+x0 m1+x1,264,4,300 1000 10000,,gpb2,0.76764,0.17411,0.0417,0.09014,0.0,5,0.02,1527,29.54
"targets(2,2,2)",m0 x0 m1 x1,192,2,,10 100 1e+06,gpb1,1.54611,0.41256,0.26757,0.2857,0.59457,5,0.02,1527,30.48
"targets(3,2,1)",m0 x0 m1 x1 m2 x2,54,3,0 1,0,gpb1,1.40907,0.2031,0.09286,0.18309,0.48076,3,0.15,6302,329.2
"targets(3,2,1)",m0 x0 m1 x1 m2 x2,56,3,3 10,,gpb1,1.40907,0.2031,0.09286,0.18309,0.48076,3,0.15,6302,62.61
"targets(3,2,1)",m0 x0 m1 x1 m2 x2,60,3,30 100,,gpb1,1.40907,0.2031,0.09286,0.18309,0.48076,3,0.15,6302,59.63
"targets(3,2,1)",m0+x0 m1+x1 m2+x2,102,6,300,,gpb2,1.01371,0.06012,0.00236,0.00515,0.0,3,0.15,6302,59.84
"targets(3,2,1)",m0+x0 m1+x1 m2+x2,106,6,1000 10000,,gpb2,1.01371,0.06012,0.00236,0.00515,0.0,3,0.15,6302,62.04
"targets(3,2,1)",m0 x0 m1 x1 m2 x2,64,3,,1,gpb1,1.40907,0.2031,0.09286,0.18309,0.48076,3,0.15,6302,69.62
"targets(3,2,1)",m0 x0 m1 x1 m2 x2,64,3,,10 100 1e+06,gpb1,1.40907,0.2031,0.09286,0.18309,0.48076,3,0.15,6302,63.79
