model,p1,p2,state_dim,obs_dim,setting,reps,objective,amortize,status,wall,search_s,step_nodes,hit_limit,fwd_rep,head_cost,step_cost,step_prep,step_latency,kf_step_cost,if_step_cost,step_vs_kf,step_vs_if,step_vs_best_baseline,ops,correct,max_rel_err,error
vec,2,1,2,1,KF,,,False,ok,False,0.031,19,False,moment,7,23,16,7,23,75,1.0,0.3067,1.0,input:1;leaf:2;moment_sum:1;predict:1;update:1,True,6.30e-16,
vec,2,1,2,1,IF,,,False,ok,False,0.028,19,False,info,27,75,56,19,23,75,3.2609,1.0,3.2609,cond>info:2;info>moment:1;info_mul:2;info_sum:1;input:1;leaf:2,True,2.10e-15,
vec,2,1,2,1,light,both,total,False,ok,False,0.035,19,False,moment,7,23,16,7,23,75,1.0,0.3067,1.0,input:1;leaf:2;moment_sum:1;predict:1;update:1,True,6.30e-16,
vec,2,1,2,1,light,both,latency,False,ok,False,0.028,19,False,moment,7,23,16,7,23,75,1.0,0.3067,1.0,input:1;leaf:2;moment_sum:1;predict:1;update:1,True,6.30e-16,
vec,2,1,2,1,light,info,total,False,ok,False,0.02,19,False,info,27,75,56,19,23,75,3.2609,1.0,3.2609,cond>info:2;info>moment:1;info_mul:2;info_sum:1;input:1;leaf:2,True,2.10e-15,
vec,2,1,2,1,light,info,latency,False,ok,False,0.021,19,False,info,27,75,56,19,23,75,3.2609,1.0,3.2609,cond>info:2;info>moment:1;info_mul:2;info_sum:1;input:1;leaf:2,True,2.10e-15,
vec,2,1,2,1,default,both,total,False,ok,False,0.106,19,False,moment,7,23,16,7,23,75,1.0,0.3067,1.0,input:1;leaf:2;moment_sum:1;predict:1;update:1,True,6.30e-16,
vec,2,1,2,1,default,both,latency,False,ok,False,0.159,19,False,moment,7,23,16,7,23,75,1.0,0.3067,1.0,input:1;leaf:2;moment_sum:1;predict:1;update:1,True,6.30e-16,
vec,2,1,2,1,KF,,,True,ok,False,0.045,19,False,moment,7,23,16,7,23,46,1.0,0.5,1.0,input:1;leaf:2;moment_sum:1;predict:1;update:1,True,6.30e-16,
vec,2,1,2,1,IF,,,True,ok,False,0.036,19,False,info,14,46,32,14,23,46,2.0,1.0,2.0,cond>info:2;info>moment:1;info_mul:2;info_sum:1;input:1;leaf:2,True,2.10e-15,
vec,2,1,2,1,light,both,total,True,ok,False,0.034,19,False,moment,7,23,16,7,23,46,1.0,0.5,1.0,input:1;leaf:2;moment_sum:1;predict:1;update:1,True,6.30e-16,
vec,2,1,2,1,light,both,latency,True,ok,False,0.033,19,False,moment,7,23,16,7,23,46,1.0,0.5,1.0,input:1;leaf:2;moment_sum:1;predict:1;update:1,True,6.30e-16,
vec,2,1,2,1,light,info,total,True,ok,False,0.024,19,False,info,14,46,32,14,23,46,2.0,1.0,2.0,cond>info:2;info>moment:1;info_mul:2;info_sum:1;input:1;leaf:2,True,2.10e-15,
vec,2,1,2,1,light,info,latency,True,ok,False,0.035,19,False,info,14,46,32,14,23,46,2.0,1.0,2.0,cond>info:2;info>moment:1;info_mul:2;info_sum:1;input:1;leaf:2,True,2.10e-15,
vec,2,1,2,1,default,both,total,True,ok,False,0.093,19,False,moment,7,23,16,7,23,46,1.0,0.5,1.0,input:1;leaf:2;moment_sum:1;predict:1;update:1,True,6.30e-16,
vec,2,1,2,1,default,both,latency,True,ok,False,0.186,19,False,moment,7,23,16,7,23,46,1.0,0.5,1.0,input:1;leaf:2;moment_sum:1;predict:1;update:1,True,6.30e-16,
vec,2,2,2,2,KF,,,False,ok,False,0.025,19,False,moment,24,40,16,24,40,92,1.0,0.4348,1.0,input:1;leaf:2;moment_sum:1;predict:1;update:1,True,6.43e-16,
vec,2,2,2,2,IF,,,False,ok,False,0.019,19,False,info,44,92,56,36,40,92,2.3,1.0,2.3,cond>info:2;info>moment:1;info_mul:2;info_sum:1;input:1;leaf:2,True,8.89e-16,
vec,2,2,2,2,light,both,total,False,ok,False,0.021,19,False,moment,24,40,16,24,40,92,1.0,0.4348,1.0,input:1;leaf:2;moment_sum:1;predict:1;update:1,True,6.43e-16,
vec,2,2,2,2,light,both,latency,False,ok,False,0.021,19,False,moment,24,40,16,24,40,92,1.0,0.4348,1.0,input:1;leaf:2;moment_sum:1;predict:1;update:1,True,6.43e-16,
vec,2,2,2,2,light,info,total,False,ok,False,0.035,19,False,info,44,92,56,36,40,92,2.3,1.0,2.3,cond>info:2;info>moment:1;info_mul:2;info_sum:1;input:1;leaf:2,True,8.89e-16,
vec,2,2,2,2,light,info,latency,False,ok,False,0.027,19,False,info,44,92,56,36,40,92,2.3,1.0,2.3,cond>info:2;info>moment:1;info_mul:2;info_sum:1;input:1;leaf:2,True,8.89e-16,
vec,2,2,2,2,default,both,total,False,ok,False,0.13,19,False,moment,24,40,16,24,40,92,1.0,0.4348,1.0,input:1;leaf:2;moment_sum:1;predict:1;update:1,True,6.43e-16,
vec,2,2,2,2,default,both,latency,False,ok,False,0.297,19,False,moment,24,40,16,24,40,92,1.0,0.4348,1.0,input:1;leaf:2;moment_sum:1;predict:1;update:1,True,6.43e-16,
vec,2,2,2,2,KF,,,True,ok,False,0.045,19,False,moment,24,40,16,24,40,48,1.0,0.8333,1.0,input:1;leaf:2;moment_sum:1;predict:1;update:1,True,6.43e-16,
vec,2,2,2,2,IF,,,True,ok,False,0.025,19,False,info,16,48,32,16,40,48,1.2,1.0,1.2,cond>info:2;info>moment:1;info_mul:2;info_sum:1;input:1;leaf:2,True,8.89e-16,
vec,2,2,2,2,light,both,total,True,ok,False,0.031,19,False,moment,16,40,16,24,40,48,1.0,0.8333,1.0,input:1;leaf:2;moment_sum:1;predict:1;update:1,True,6.43e-16,
vec,2,2,2,2,light,both,latency,True,ok,False,0.038,19,False,moment,16,40,24,16,40,48,1.0,0.8333,1.0,cond>info:1;info>moment:1;info_mul:1;input:1;leaf:2;moment>info:1;moment_sum:1;predict:1,True,1.44e-15,
vec,2,2,2,2,light,info,total,True,ok,False,0.02,19,False,info,16,48,32,16,40,48,1.2,1.0,1.2,cond>info:2;info>moment:1;info_mul:2;info_sum:1;input:1;leaf:2,True,8.89e-16,
vec,2,2,2,2,light,info,latency,True,ok,False,0.024,19,False,info,16,48,32,16,40,48,1.2,1.0,1.2,cond>info:2;info>moment:1;info_mul:2;info_sum:1;input:1;leaf:2,True,8.89e-16,
vec,2,2,2,2,default,both,total,True,ok,False,0.153,19,False,moment,16,40,16,24,40,48,1.0,0.8333,1.0,input:1;leaf:2;moment_sum:1;predict:1;update:1,True,6.43e-16,
vec,2,2,2,2,default,both,latency,True,ok,False,0.331,19,False,moment,16,40,24,16,40,48,1.0,0.8333,1.0,cond>info:1;info>moment:1;info_mul:1;input:1;leaf:2;moment>info:1;moment_sum:1;predict:1,True,1.44e-15,
vec,2,4,2,4,KF,,,False,ok,False,0.03,19,False,moment,112,128,16,112,128,180,1.0,0.7111,1.0,input:1;leaf:2;moment_sum:1;predict:1;update:1,True,4.27e-16,
vec,2,4,2,4,IF,,,False,ok,False,0.025,19,False,info,132,180,56,124,128,180,1.4062,1.0,1.4062,cond>info:2;info>moment:1;info_mul:2;info_sum:1;input:1;leaf:2,True,1.27e-15,
vec,2,4,2,4,light,both,total,False,ok,False,0.038,19,False,moment,112,128,16,112,128,180,1.0,0.7111,1.0,input:1;leaf:2;moment_sum:1;predict:1;update:1,True,4.27e-16,
vec,2,4,2,4,light,both,latency,False,ok,False,0.029,19,False,moment,112,128,16,112,128,180,1.0,0.7111,1.0,input:1;leaf:2;moment_sum:1;predict:1;update:1,True,4.27e-16,
vec,2,4,2,4,light,info,total,False,ok,False,0.019,19,False,info,132,180,56,124,128,180,1.4062,1.0,1.4062,cond>info:2;info>moment:1;info_mul:2;info_sum:1;input:1;leaf:2,True,1.27e-15,
vec,2,4,2,4,light,info,latency,False,ok,False,0.026,19,False,info,132,180,56,124,128,180,1.4062,1.0,1.4062,cond>info:2;info>moment:1;info_mul:2;info_sum:1;input:1;leaf:2,True,1.27e-15,
vec,2,4,2,4,default,both,total,False,ok,False,0.148,19,False,moment,112,128,16,112,128,180,1.0,0.7111,1.0,input:1;leaf:2;moment_sum:1;predict:1;update:1,True,4.27e-16,
vec,2,4,2,4,default,both,latency,False,ok,False,0.294,19,False,moment,112,128,16,112,128,180,1.0,0.7111,1.0,input:1;leaf:2;moment_sum:1;predict:1;update:1,True,4.27e-16,
vec,2,4,2,4,KF,,,True,ok,False,0.038,19,False,moment,112,128,16,112,128,52,1.0,2.4615,2.4615,input:1;leaf:2;moment_sum:1;predict:1;update:1,True,4.27e-16,
vec,2,4,2,4,IF,,,True,ok,False,0.029,19,False,info,20,52,32,20,128,52,0.4062,1.0,1.0,cond>info:2;info>moment:1;info_mul:2;info_sum:1;input:1;leaf:2,True,1.27e-15,
vec,2,4,2,4,light,both,total,True,ok,False,0.025,19,False,moment,20,44,24,20,128,52,0.3438,0.8462,0.8462,cond>info:1;info>moment:1;info_mul:1;input:1;leaf:2;moment>info:1;moment_sum:1;predict:1,True,1.80e-15,
vec,2,4,2,4,light,both,latency,True,ok,False,0.03,19,False,moment,20,44,24,20,128,52,0.3438,0.8462,0.8462,cond>info:1;info>moment:1;info_mul:1;input:1;leaf:2;moment>info:1;moment_sum:1;predict:1,True,1.80e-15,
vec,2,4,2,4,light,info,total,True,ok,False,0.035,19,False,info,20,52,32,20,128,52,0.4062,1.0,1.0,cond>info:2;info>moment:1;info_mul:2;info_sum:1;input:1;leaf:2,True,1.27e-15,
vec,2,4,2,4,light,info,latency,True,ok,False,0.025,19,False,info,20,52,32,20,128,52,0.4062,1.0,1.0,cond>info:2;info>moment:1;info_mul:2;info_sum:1;input:1;leaf:2,True,1.27e-15,
vec,2,4,2,4,default,both,total,True,ok,False,0.181,19,False,moment,20,44,24,20,128,52,0.3438,0.8462,0.8462,cond>info:1;info>moment:1;info_mul:1;input:1;leaf:2;moment>info:1;moment_sum:1;predict:1,True,1.80e-15,
vec,2,4,2,4,default,both,latency,True,ok,False,0.301,19,False,moment,20,44,24,20,128,52,0.3438,0.8462,0.8462,cond>info:1;info>moment:1;info_mul:1;input:1;leaf:2;moment>info:1;moment_sum:1;predict:1,True,1.80e-15,
vec,4,1,4,1,KF,,,False,ok,False,0.047,19,False,moment,21,149,128,21,149,485,1.0,0.3072,1.0,input:1;leaf:2;moment_sum:1;predict:1;update:1,True,6.37e-16,
vec,4,1,4,1,IF,,,False,ok,False,0.033,19,False,info,165,485,384,101,149,485,3.255,1.0,3.255,cond>info:2;info>moment:1;info_mul:2;info_sum:1;input:1;leaf:2,True,3.96e-15,
vec,4,1,4,1,light,both,total,False,ok,False,0.029,19,False,moment,21,149,128,21,149,485,1.0,0.3072,1.0,input:1;leaf:2;moment_sum:1;predict:1;update:1,True,8.46e-16,
vec,4,1,4,1,light,both,latency,False,ok,False,0.044,19,False,moment,21,149,128,21,149,485,1.0,0.3072,1.0,input:1;leaf:2;moment_sum:1;predict:1;update:1,True,8.46e-16,
vec,4,1,4,1,light,info,total,False,ok,False,0.031,19,False,info,165,485,384,101,149,485,3.255,1.0,3.255,cond>info:2;info>moment:1;info_mul:2;info_sum:1;input:1;leaf:2,True,4.28e-15,
vec,4,1,4,1,light,info,latency,False,ok,False,0.033,19,False,info,165,485,384,101,149,485,3.255,1.0,3.255,cond>info:2;info>moment:1;info_mul:2;info_sum:1;input:1;leaf:2,True,4.28e-15,
vec,4,1,4,1,default,both,total,False,ok,False,0.182,19,False,moment,21,149,128,21,149,485,1.0,0.3072,1.0,input:1;leaf:2;moment_sum:1;predict:1;update:1,True,8.46e-16,
vec,4,1,4,1,default,both,latency,False,ok,False,0.179,19,False,moment,21,149,128,21,149,485,1.0,0.3072,1.0,input:1;leaf:2;moment_sum:1;predict:1;update:1,True,8.46e-16,
vec,4,1,4,1,KF,,,True,ok,False,0.058,19,False,moment,21,149,128,21,149,276,1.0,0.5399,1.0,input:1;leaf:2;moment_sum:1;predict:1;update:1,True,6.37e-16,
vec,4,1,4,1,IF,,,True,ok,False,0.037,19,False,info,84,276,192,84,149,276,1.8523,1.0,1.8523,cond>info:2;info>moment:1;info_mul:2;info_sum:1;input:1;leaf:2,True,3.96e-15,
vec,4,1,4,1,light,both,total,True,ok,False,0.033,19,False,moment,21,149,128,21,149,276,1.0,0.5399,1.0,input:1;leaf:2;moment_sum:1;predict:1;update:1,True,8.46e-16,
vec,4,1,4,1,light,both,latency,True,ok,False,0.042,19,False,moment,21,149,128,21,149,276,1.0,0.5399,1.0,input:1;leaf:2;moment_sum:1;predict:1;update:1,True,8.46e-16,
vec,4,1,4,1,light,info,total,True,ok,False,0.022,19,False,info,84,276,192,84,149,276,1.8523,1.0,1.8523,cond>info:2;info>moment:1;info_mul:2;info_sum:1;input:1;leaf:2,True,4.28e-15,
vec,4,1,4,1,light,info,latency,True,ok,False,0.048,19,False,info,84,276,192,84,149,276,1.8523,1.0,1.8523,cond>info:2;info>moment:1;info_mul:2;info_sum:1;input:1;leaf:2,True,4.28e-15,
vec,4,1,4,1,default,both,total,True,ok,False,0.141,19,False,moment,21,149,128,21,149,276,1.0,0.5399,1.0,input:1;leaf:2;moment_sum:1;predict:1;update:1,True,8.46e-16,
vec,4,1,4,1,default,both,latency,True,ok,False,0.193,19,False,moment,21,149,128,21,149,276,1.0,0.5399,1.0,input:1;leaf:2;moment_sum:1;predict:1;update:1,True,8.46e-16,
vec,4,2,4,2,KF,,,False,ok,False,0.034,19,False,moment,56,184,128,56,184,520,1.0,0.3538,1.0,input:1;leaf:2;moment_sum:1;predict:1;update:1,True,9.50e-16,
vec,4,2,4,2,IF,,,False,ok,False,0.025,19,False,info,200,520,384,136,184,520,2.8261,1.0,2.8261,cond>info:2;info>moment:1;info_mul:2;info_sum:1;input:1;leaf:2,True,6.23e-15,
vec,4,2,4,2,light,both,total,False,ok,False,0.034,19,False,moment,56,184,128,56,184,520,1.0,0.3538,1.0,input:1;leaf:2;moment_sum:1;predict:1;update:1,True,9.50e-16,
vec,4,2,4,2,light,both,latency,False,ok,False,0.047,19,False,moment,56,184,128,56,184,520,1.0,0.3538,1.0,input:1;leaf:2;moment_sum:1;predict:1;update:1,True,9.50e-16,
vec,4,2,4,2,light,info,total,False,ok,False,0.02,19,False,info,200,520,384,136,184,520,2.8261,1.0,2.8261,cond>info:2;info>moment:1;info_mul:2;info_sum:1;input:1;leaf:2,True,6.23e-15,
vec,4,2,4,2,light,info,latency,False,ok,False,0.026,19,False,info,200,520,384,136,184,520,2.8261,1.0,2.8261,cond>info:2;info>moment:1;info_mul:2;info_sum:1;input:1;leaf:2,True,6.23e-15,
vec,4,2,4,2,default,both,total,False,ok,False,0.11,19,False,moment,56,184,128,56,184,520,1.0,0.3538,1.0,input:1;leaf:2;moment_sum:1;predict:1;update:1,True,9.50e-16,
vec,4,2,4,2,default,both,latency,False,ok,False,0.217,19,False,moment,56,184,128,56,184,520,1.0,0.3538,1.0,input:1;leaf:2;moment_sum:1;predict:1;update:1,True,9.50e-16,
vec,4,2,4,2,KF,,,True,ok,False,0.045,19,False,moment,56,184,128,56,184,280,1.0,0.6571,1.0,input:1;leaf:2;moment_sum:1;predict:1;update:1,True,9.50e-16,
vec,4,2,4,2,IF,,,True,ok,False,0.03,19,False,info,88,280,192,88,184,280,1.5217,1.0,1.5217,cond>info:2;info>moment:1;info_mul:2;info_sum:1;input:1;leaf:2,True,6.23e-15,
vec,4,2,4,2,light,both,total,True,ok,False,0.039,19,False,moment,56,184,128,56,184,280,1.0,0.6571,1.0,input:1;leaf:2;moment_sum:1;predict:1;update:1,True,9.50e-16,
vec,4,2,4,2,light,both,latency,True,ok,False,0.035,19,False,moment,56,184,128,56,184,280,1.0,0.6571,1.0,input:1;leaf:2;moment_sum:1;predict:1;update:1,True,9.50e-16,
vec,4,2,4,2,light,info,total,True,ok,False,0.026,19,False,info,88,280,192,88,184,280,1.5217,1.0,1.5217,cond>info:2;info>moment:1;info_mul:2;info_sum:1;input:1;leaf:2,True,6.23e-15,
vec,4,2,4,2,light,info,latency,True,ok,False,0.024,19,False,info,88,280,192,88,184,280,1.5217,1.0,1.5217,cond>info:2;info>moment:1;info_mul:2;info_sum:1;input:1;leaf:2,True,6.23e-15,
vec,4,2,4,2,default,both,total,True,ok,False,0.206,19,False,moment,56,184,128,56,184,280,1.0,0.6571,1.0,input:1;leaf:2;moment_sum:1;predict:1;update:1,True,9.50e-16,
vec,4,2,4,2,default,both,latency,True,ok,False,0.183,19,False,moment,56,184,128,56,184,280,1.0,0.6571,1.0,input:1;leaf:2;moment_sum:1;predict:1;update:1,True,9.50e-16,
vec,4,4,4,4,KF,,,False,ok,False,0.034,19,False,moment,192,320,128,192,320,656,1.0,0.4878,1.0,input:1;leaf:2;moment_sum:1;predict:1;update:1,True,8.77e-16,
vec,4,4,4,4,IF,,,False,ok,False,0.037,19,False,info,336,656,384,272,320,656,2.05,1.0,2.05,cond>info:2;info>moment:1;info_mul:2;info_sum:1;input:1;leaf:2,True,1.78e-15,
vec,4,4,4,4,light,both,total,False,ok,False,0.032,19,False,moment,192,320,128,192,320,656,1.0,0.4878,1.0,input:1;leaf:2;moment_sum:1;predict:1;update:1,True,1.53e-15,
vec,4,4,4,4,light,both,latency,False,ok,False,0.03,19,False,moment,192,320,128,192,320,656,1.0,0.4878,1.0,input:1;leaf:2;moment_sum:1;predict:1;update:1,True,1.53e-15,
vec,4,4,4,4,light,info,total,False,ok,False,0.033,19,False,info,336,656,384,272,320,656,2.05,1.0,2.05,cond>info:2;info>moment:1;info_mul:2;info_sum:1;input:1;leaf:2,True,1.78e-15,
vec,4,4,4,4,light,info,latency,False,ok,False,0.031,19,False,info,336,656,384,272,320,656,2.05,1.0,2.05,cond>info:2;info>moment:1;info_mul:2;info_sum:1;input:1;leaf:2,True,1.78e-15,
vec,4,4,4,4,default,both,total,False,ok,False,0.207,19,False,moment,192,320,128,192,320,656,1.0,0.4878,1.0,input:1;leaf:2;moment_sum:1;predict:1;update:1,True,1.53e-15,
vec,4,4,4,4,default,both,latency,False,ok,False,0.285,19,False,moment,192,320,128,192,320,656,1.0,0.4878,1.0,input:1;leaf:2;moment_sum:1;predict:1;update:1,True,1.53e-15,
vec,4,4,4,4,KF,,,True,ok,False,0.041,19,False,moment,192,320,128,192,320,288,1.0,1.1111,1.1111,input:1;leaf:2;moment_sum:1;predict:1;update:1,True,8.77e-16,
vec,4,4,4,4,IF,,,True,ok,False,0.028,19,False,info,96,288,192,96,320,288,0.9,1.0,1.0,cond>info:2;info>moment:1;info_mul:2;info_sum:1;input:1;leaf:2,True,1.78e-15,
vec,4,4,4,4,light,both,total,True,ok,False,0.019,19,False,moment,96,288,192,96,320,288,0.9,1.0,1.0,cond>info:1;info>moment:1;info_mul:1;input:1;leaf:2;moment>info:1;moment_sum:1;predict:1,True,1.59e-15,
vec,4,4,4,4,light,both,latency,True,ok,False,0.027,19,False,moment,96,288,192,96,320,288,0.9,1.0,1.0,cond>info:1;info>moment:1;info_mul:1;input:1;leaf:2;moment>info:1;moment_sum:1;predict:1,True,1.59e-15,
vec,4,4,4,4,light,info,total,True,ok,False,0.025,19,False,info,96,288,192,96,320,288,0.9,1.0,1.0,cond>info:2;info>moment:1;info_mul:2;info_sum:1;input:1;leaf:2,True,1.78e-15,
vec,4,4,4,4,light,info,latency,True,ok,False,0.025,19,False,info,96,288,192,96,320,288,0.9,1.0,1.0,cond>info:2;info>moment:1;info_mul:2;info_sum:1;input:1;leaf:2,True,1.78e-15,
vec,4,4,4,4,default,both,total,True,ok,False,0.178,19,False,moment,96,288,192,96,320,288,0.9,1.0,1.0,cond>info:1;info>moment:1;info_mul:1;input:1;leaf:2;moment>info:1;moment_sum:1;predict:1,True,1.59e-15,
vec,4,4,4,4,default,both,latency,True,ok,False,0.225,19,False,moment,96,288,192,96,320,288,0.9,1.0,1.0,cond>info:1;info>moment:1;info_mul:1;input:1;leaf:2;moment>info:1;moment_sum:1;predict:1,True,1.59e-15,
vec,4,8,4,8,KF,,,False,ok,False,0.039,19,False,moment,896,1024,128,896,1024,1360,1.0,0.7529,1.0,input:1;leaf:2;moment_sum:1;predict:1;update:1,True,5.92e-15,
vec,4,8,4,8,IF,,,False,ok,False,0.029,19,False,info,1040,1360,384,976,1024,1360,1.3281,1.0,1.3281,cond>info:2;info>moment:1;info_mul:2;info_sum:1;input:1;leaf:2,True,5.07e-15,
vec,4,8,4,8,light,both,total,False,ok,False,0.034,19,False,moment,896,1024,128,896,1024,1360,1.0,0.7529,1.0,input:1;leaf:2;moment_sum:1;predict:1;update:1,True,1.07e-14,
vec,4,8,4,8,light,both,latency,False,ok,False,0.052,19,False,moment,896,1024,128,896,1024,1360,1.0,0.7529,1.0,input:1;leaf:2;moment_sum:1;predict:1;update:1,True,1.07e-14,
vec,4,8,4,8,light,info,total,False,ok,False,0.03,19,False,info,1040,1360,384,976,1024,1360,1.3281,1.0,1.3281,cond>info:2;info>moment:1;info_mul:2;info_sum:1;input:1;leaf:2,True,1.03e-14,
vec,4,8,4,8,light,info,latency,False,ok,False,0.029,19,False,info,1040,1360,384,976,1024,1360,1.3281,1.0,1.3281,cond>info:2;info>moment:1;info_mul:2;info_sum:1;input:1;leaf:2,True,1.03e-14,
vec,4,8,4,8,default,both,total,False,ok,False,0.138,19,False,moment,896,1024,128,896,1024,1360,1.0,0.7529,1.0,input:1;leaf:2;moment_sum:1;predict:1;update:1,True,1.07e-14,
vec,4,8,4,8,default,both,latency,False,ok,False,0.386,19,False,moment,896,1024,128,896,1024,1360,1.0,0.7529,1.0,input:1;leaf:2;moment_sum:1;predict:1;update:1,True,1.07e-14,
vec,4,8,4,8,KF,,,True,ok,False,0.024,19,False,moment,896,1024,128,896,1024,304,1.0,3.3684,3.3684,input:1;leaf:2;moment_sum:1;predict:1;update:1,True,5.92e-15,
vec,4,8,4,8,IF,,,True,ok,False,0.023,19,False,info,112,304,192,112,1024,304,0.2969,1.0,1.0,cond>info:2;info>moment:1;info_mul:2;info_sum:1;input:1;leaf:2,True,5.07e-15,
vec,4,8,4,8,light,both,total,True,ok,False,0.041,19,False,moment,112,304,192,112,1024,304,0.2969,1.0,1.0,cond>info:1;info>moment:1;info_mul:1;input:1;leaf:2;moment>info:1;moment_sum:1;predict:1,True,1.03e-14,
vec,4,8,4,8,light,both,latency,True,ok,False,0.03,19,False,moment,112,304,192,112,1024,304,0.2969,1.0,1.0,cond>info:1;info>moment:1;info_mul:1;input:1;leaf:2;moment>info:1;moment_sum:1;predict:1,True,1.03e-14,
vec,4,8,4,8,light,info,total,True,ok,False,0.019,19,False,info,112,304,192,112,1024,304,0.2969,1.0,1.0,cond>info:2;info>moment:1;info_mul:2;info_sum:1;input:1;leaf:2,True,1.03e-14,
vec,4,8,4,8,light,info,latency,True,ok,False,0.025,19,False,info,112,304,192,112,1024,304,0.2969,1.0,1.0,cond>info:2;info>moment:1;info_mul:2;info_sum:1;input:1;leaf:2,True,1.03e-14,
vec,4,8,4,8,default,both,total,True,ok,False,0.105,19,False,moment,112,304,192,112,1024,304,0.2969,1.0,1.0,cond>info:1;info>moment:1;info_mul:1;input:1;leaf:2;moment>info:1;moment_sum:1;predict:1,True,1.03e-14,
vec,4,8,4,8,default,both,latency,True,ok,False,0.288,19,False,moment,112,304,192,112,1024,304,0.2969,1.0,1.0,cond>info:1;info>moment:1;info_mul:1;input:1;leaf:2;moment>info:1;moment_sum:1;predict:1,True,1.03e-14,
vec,8,1,8,1,KF,,,False,ok,False,0.036,19,False,moment,73,1097,1024,73,1097,3465,1.0,0.3166,1.0,input:1;leaf:2;moment_sum:1;predict:1;update:1,True,7.98e-16,
vec,8,1,8,1,IF,,,False,ok,False,0.03,19,False,info,1161,3465,2816,649,1097,3465,3.1586,1.0,3.1586,cond>info:2;info>moment:1;info_mul:2;info_sum:1;input:1;leaf:2,True,2.95e-14,
vec,8,1,8,1,light,both,total,False,ok,False,0.026,19,False,moment,73,1097,1024,73,1097,3465,1.0,0.3166,1.0,input:1;leaf:2;moment_sum:1;predict:1;update:1,True,3.52e-15,
vec,8,1,8,1,light,both,latency,False,ok,False,0.026,19,False,moment,73,1097,1024,73,1097,3465,1.0,0.3166,1.0,input:1;leaf:2;moment_sum:1;predict:1;update:1,True,3.52e-15,
vec,8,1,8,1,light,info,total,False,ok,False,0.042,19,False,info,1161,3465,2816,649,1097,3465,3.1586,1.0,3.1586,cond>info:2;info>moment:1;info_mul:2;info_sum:1;input:1;leaf:2,True,5.72e-14,
vec,8,1,8,1,light,info,latency,False,ok,False,0.03,19,False,info,1161,3465,2816,649,1097,3465,3.1586,1.0,3.1586,cond>info:2;info>moment:1;info_mul:2;info_sum:1;input:1;leaf:2,True,5.72e-14,
vec,8,1,8,1,default,both,total,False,ok,False,0.117,19,False,moment,73,1097,1024,73,1097,3465,1.0,0.3166,1.0,input:1;leaf:2;moment_sum:1;predict:1;update:1,True,3.52e-15,
vec,8,1,8,1,default,both,latency,False,ok,False,0.196,19,False,moment,73,1097,1024,73,1097,3465,1.0,0.3166,1.0,input:1;leaf:2;moment_sum:1;predict:1;update:1,True,3.52e-15,
vec,8,1,8,1,KF,,,True,ok,False,0.027,19,False,moment,73,1097,1024,73,1097,1864,1.0,0.5885,1.0,input:1;leaf:2;moment_sum:1;predict:1;update:1,True,7.98e-16,
vec,8,1,8,1,IF,,,True,ok,False,0.035,19,False,info,584,1864,1280,584,1097,1864,1.6992,1.0,1.6992,cond>info:2;info>moment:1;info_mul:2;info_sum:1;input:1;leaf:2,True,2.95e-14,
vec,8,1,8,1,light,both,total,True,ok,False,0.034,19,False,moment,73,1097,1024,73,1097,1864,1.0,0.5885,1.0,input:1;leaf:2;moment_sum:1;predict:1;update:1,True,3.52e-15,
vec,8,1,8,1,light,both,latency,True,ok,False,0.021,19,False,moment,73,1097,1024,73,1097,1864,1.0,0.5885,1.0,input:1;leaf:2;moment_sum:1;predict:1;update:1,True,3.52e-15,
vec,8,1,8,1,light,info,total,True,ok,False,0.034,19,False,info,584,1864,1280,584,1097,1864,1.6992,1.0,1.6992,cond>info:2;info>moment:1;info_mul:2;info_sum:1;input:1;leaf:2,True,5.72e-14,
vec,8,1,8,1,light,info,latency,True,ok,False,0.027,19,False,info,584,1864,1280,584,1097,1864,1.6992,1.0,1.6992,cond>info:2;info>moment:1;info_mul:2;info_sum:1;input:1;leaf:2,True,5.72e-14,
vec,8,1,8,1,default,both,total,True,ok,False,0.114,19,False,moment,73,1097,1024,73,1097,1864,1.0,0.5885,1.0,input:1;leaf:2;moment_sum:1;predict:1;update:1,True,3.52e-15,
vec,8,1,8,1,default,both,latency,True,ok,False,0.198,19,False,moment,73,1097,1024,73,1097,1864,1.0,0.5885,1.0,input:1;leaf:2;moment_sum:1;predict:1;update:1,True,3.52e-15,
vec,8,4,8,4,KF,,,False,ok,False,0.051,19,False,moment,448,1472,1024,448,1472,3840,1.0,0.3833,1.0,input:1;leaf:2;moment_sum:1;predict:1;update:1,True,1.42e-15,
vec,8,4,8,4,IF,,,False,ok,False,0.028,19,False,info,1536,3840,2816,1024,1472,3840,2.6087,1.0,2.6087,cond>info:2;info>moment:1;info_mul:2;info_sum:1;input:1;leaf:2,True,1.92e-15,
vec,8,4,8,4,light,both,total,False,ok,False,0.029,19,False,moment,448,1472,1024,448,1472,3840,1.0,0.3833,1.0,input:1;leaf:2;moment_sum:1;predict:1;update:1,True,2.52e-15,
vec,8,4,8,4,light,both,latency,False,ok,False,0.029,19,False,moment,448,1472,1024,448,1472,3840,1.0,0.3833,1.0,input:1;leaf:2;moment_sum:1;predict:1;update:1,True,2.52e-15,
vec,8,4,8,4,light,info,total,False,ok,False,0.033,19,False,info,1536,3840,2816,1024,1472,3840,2.6087,1.0,2.6087,cond>info:2;info>moment:1;info_mul:2;info_sum:1;input:1;leaf:2,True,2.04e-15,
vec,8,4,8,4,light,info,latency,False,ok,False,0.022,19,False,info,1536,3840,2816,1024,1472,3840,2.6087,1.0,2.6087,cond>info:2;info>moment:1;info_mul:2;info_sum:1;input:1;leaf:2,True,2.04e-15,
vec,8,4,8,4,default,both,total,False,ok,False,0.145,19,False,moment,448,1472,1024,448,1472,3840,1.0,0.3833,1.0,input:1;leaf:2;moment_sum:1;predict:1;update:1,True,2.52e-15,
vec,8,4,8,4,default,both,latency,False,ok,False,0.212,19,False,moment,448,1472,1024,448,1472,3840,1.0,0.3833,1.0,input:1;leaf:2;moment_sum:1;predict:1;update:1,True,2.52e-15,
vec,8,4,8,4,KF,,,True,ok,False,0.026,19,False,moment,448,1472,1024,448,1472,1888,1.0,0.7797,1.0,input:1;leaf:2;moment_sum:1;predict:1;update:1,True,1.42e-15,
vec,8,4,8,4,IF,,,True,ok,False,0.035,19,False,info,608,1888,1280,608,1472,1888,1.2826,1.0,1.2826,cond>info:2;info>moment:1;info_mul:2;info_sum:1;input:1;leaf:2,True,1.92e-15,
vec,8,4,8,4,light,both,total,True,ok,False,0.033,19,False,moment,448,1472,1024,448,1472,1888,1.0,0.7797,1.0,input:1;leaf:2;moment_sum:1;predict:1;update:1,True,2.52e-15,
vec,8,4,8,4,light,both,latency,True,ok,False,0.033,19,False,moment,448,1472,1024,448,1472,1888,1.0,0.7797,1.0,input:1;leaf:2;moment_sum:1;predict:1;update:1,True,2.52e-15,
vec,8,4,8,4,light,info,total,True,ok,False,0.027,19,False,info,608,1888,1280,608,1472,1888,1.2826,1.0,1.2826,cond>info:2;info>moment:1;info_mul:2;info_sum:1;input:1;leaf:2,True,2.04e-15,
vec,8,4,8,4,light,info,latency,True,ok,False,0.032,19,False,info,608,1888,1280,608,1472,1888,1.2826,1.0,1.2826,cond>info:2;info>moment:1;info_mul:2;info_sum:1;input:1;leaf:2,True,2.04e-15,
vec,8,4,8,4,default,both,total,True,ok,False,0.154,19,False,moment,448,1472,1024,448,1472,1888,1.0,0.7797,1.0,input:1;leaf:2;moment_sum:1;predict:1;update:1,True,2.52e-15,
vec,8,4,8,4,default,both,latency,True,ok,False,0.169,19,False,moment,448,1472,1024,448,1472,1888,1.0,0.7797,1.0,input:1;leaf:2;moment_sum:1;predict:1;update:1,True,2.52e-15,
vec,8,8,8,8,KF,,,False,ok,False,0.032,19,False,moment,1536,2560,1024,1536,2560,4928,1.0,0.5195,1.0,input:1;leaf:2;moment_sum:1;predict:1;update:1,True,1.50e-15,
vec,8,8,8,8,IF,,,False,ok,False,0.02,19,False,info,2624,4928,2816,2112,2560,4928,1.925,1.0,1.925,cond>info:2;info>moment:1;info_mul:2;info_sum:1;input:1;leaf:2,True,2.00e-15,
vec,8,8,8,8,light,both,total,False,ok,False,0.027,19,False,moment,1536,2560,1024,1536,2560,4928,1.0,0.5195,1.0,input:1;leaf:2;moment_sum:1;predict:1;update:1,True,1.50e-15,
vec,8,8,8,8,light,both,latency,False,ok,False,0.026,19,False,moment,1536,2560,1024,1536,2560,4928,1.0,0.5195,1.0,input:1;leaf:2;moment_sum:1;predict:1;update:1,True,1.50e-15,
vec,8,8,8,8,light,info,total,False,ok,False,0.027,19,False,info,2624,4928,2816,2112,2560,4928,1.925,1.0,1.925,cond>info:2;info>moment:1;info_mul:2;info_sum:1;input:1;leaf:2,True,2.00e-15,
vec,8,8,8,8,light,info,latency,False,ok,False,0.038,19,False,info,2624,4928,2816,2112,2560,4928,1.925,1.0,1.925,cond>info:2;info>moment:1;info_mul:2;info_sum:1;input:1;leaf:2,True,2.00e-15,
vec,8,8,8,8,default,both,total,False,ok,False,0.116,19,False,moment,1536,2560,1024,1536,2560,4928,1.0,0.5195,1.0,input:1;leaf:2;moment_sum:1;predict:1;update:1,True,1.50e-15,
vec,8,8,8,8,default,both,latency,False,ok,False,0.308,19,False,moment,1536,2560,1024,1536,2560,4928,1.0,0.5195,1.0,input:1;leaf:2;moment_sum:1;predict:1;update:1,True,1.50e-15,
vec,8,8,8,8,KF,,,True,ok,False,0.033,19,False,moment,1536,2560,1024,1536,2560,1920,1.0,1.3333,1.3333,input:1;leaf:2;moment_sum:1;predict:1;update:1,True,1.50e-15,
vec,8,8,8,8,IF,,,True,ok,False,0.027,19,False,info,640,1920,1280,640,2560,1920,0.75,1.0,1.0,cond>info:2;info>moment:1;info_mul:2;info_sum:1;input:1;leaf:2,True,2.00e-15,
vec,8,8,8,8,light,both,total,True,ok,False,0.025,19,False,info,640,1920,1280,640,2560,1920,0.75,1.0,1.0,cond>info:2;info>moment:1;info_mul:2;info_sum:1;input:1;leaf:2,True,2.00e-15,
vec,8,8,8,8,light,both,latency,True,ok,False,0.03,19,False,info,640,1920,1280,640,2560,1920,0.75,1.0,1.0,cond>info:2;info>moment:1;info_mul:2;info_sum:1;input:1;leaf:2,True,2.00e-15,
vec,8,8,8,8,light,info,total,True,ok,False,0.02,19,False,info,640,1920,1280,640,2560,1920,0.75,1.0,1.0,cond>info:2;info>moment:1;info_mul:2;info_sum:1;input:1;leaf:2,True,2.00e-15,
vec,8,8,8,8,light,info,latency,True,ok,False,0.024,19,False,info,640,1920,1280,640,2560,1920,0.75,1.0,1.0,cond>info:2;info>moment:1;info_mul:2;info_sum:1;input:1;leaf:2,True,2.00e-15,
vec,8,8,8,8,default,both,total,True,ok,False,0.143,19,False,info,640,1920,1280,640,2560,1920,0.75,1.0,1.0,cond>info:2;info>moment:1;info_mul:2;info_sum:1;input:1;leaf:2,True,2.00e-15,
vec,8,8,8,8,default,both,latency,True,ok,False,0.192,19,False,info,640,1920,1280,640,2560,1920,0.75,1.0,1.0,cond>info:2;info>moment:1;info_mul:2;info_sum:1;input:1;leaf:2,True,2.00e-15,
vec,8,16,8,16,KF,,,False,ok,False,0.031,19,False,moment,7168,8192,1024,7168,8192,10560,1.0,0.7758,1.0,input:1;leaf:2;moment_sum:1;predict:1;update:1,True,3.46e-15,
vec,8,16,8,16,IF,,,False,ok,False,0.02,19,False,info,8256,10560,2816,7744,8192,10560,1.2891,1.0,1.2891,cond>info:2;info>moment:1;info_mul:2;info_sum:1;input:1;leaf:2,True,3.01e-15,
vec,8,16,8,16,light,both,total,False,ok,False,0.026,19,False,moment,7168,8192,1024,7168,8192,10560,1.0,0.7758,1.0,input:1;leaf:2;moment_sum:1;predict:1;update:1,True,3.46e-15,
vec,8,16,8,16,light,both,latency,False,ok,False,0.026,19,False,moment,7168,8192,1024,7168,8192,10560,1.0,0.7758,1.0,input:1;leaf:2;moment_sum:1;predict:1;update:1,True,3.46e-15,
vec,8,16,8,16,light,info,total,False,ok,False,0.019,19,False,info,8256,10560,2816,7744,8192,10560,1.2891,1.0,1.2891,cond>info:2;info>moment:1;info_mul:2;info_sum:1;input:1;leaf:2,True,3.01e-15,
vec,8,16,8,16,light,info,latency,False,ok,False,0.031,19,False,info,8256,10560,2816,7744,8192,10560,1.2891,1.0,1.2891,cond>info:2;info>moment:1;info_mul:2;info_sum:1;input:1;leaf:2,True,3.01e-15,
vec,8,16,8,16,default,both,total,False,ok,False,0.162,19,False,moment,7168,8192,1024,7168,8192,10560,1.0,0.7758,1.0,input:1;leaf:2;moment_sum:1;predict:1;update:1,True,3.46e-15,
vec,8,16,8,16,default,both,latency,False,ok,False,0.242,19,False,moment,7168,8192,1024,7168,8192,10560,1.0,0.7758,1.0,input:1;leaf:2;moment_sum:1;predict:1;update:1,True,3.46e-15,
vec,8,16,8,16,KF,,,True,ok,False,0.036,19,False,moment,7168,8192,1024,7168,8192,1984,1.0,4.129,4.129,input:1;leaf:2;moment_sum:1;predict:1;update:1,True,3.46e-15,
vec,8,16,8,16,IF,,,True,ok,False,0.028,19,False,info,704,1984,1280,704,8192,1984,0.2422,1.0,1.0,cond>info:2;info>moment:1;info_mul:2;info_sum:1;input:1;leaf:2,True,3.01e-15,
vec,8,16,8,16,light,both,total,True,ok,False,0.033,19,False,info,704,1984,1280,704,8192,1984,0.2422,1.0,1.0,cond>info:2;info>moment:1;info_mul:2;info_sum:1;input:1;leaf:2,True,3.01e-15,
vec,8,16,8,16,light,both,latency,True,ok,False,0.033,19,False,info,704,1984,1280,704,8192,1984,0.2422,1.0,1.0,cond>info:2;info>moment:1;info_mul:2;info_sum:1;input:1;leaf:2,True,3.01e-15,
vec,8,16,8,16,light,info,total,True,ok,False,0.03,19,False,info,704,1984,1280,704,8192,1984,0.2422,1.0,1.0,cond>info:2;info>moment:1;info_mul:2;info_sum:1;input:1;leaf:2,True,3.01e-15,
vec,8,16,8,16,light,info,latency,True,ok,False,0.029,19,False,info,704,1984,1280,704,8192,1984,0.2422,1.0,1.0,cond>info:2;info>moment:1;info_mul:2;info_sum:1;input:1;leaf:2,True,3.01e-15,
vec,8,16,8,16,default,both,total,True,ok,False,0.193,19,False,info,704,1984,1280,704,8192,1984,0.2422,1.0,1.0,cond>info:2;info>moment:1;info_mul:2;info_sum:1;input:1;leaf:2,True,3.01e-15,
vec,8,16,8,16,default,both,latency,True,ok,False,0.2,19,False,info,704,1984,1280,704,8192,1984,0.2422,1.0,1.0,cond>info:2;info>moment:1;info_mul:2;info_sum:1;input:1;leaf:2,True,3.01e-15,
blocks,2,1,2,1,KF,,,False,ok,False,0.038,19,False,moment,7,23,16,7,23,75,1.0,0.3067,1.0,input:1;leaf:2;moment_sum:1;predict:1;update:1,True,2.39e-16,
blocks,2,1,2,1,IF,,,False,ok,False,0.03,19,False,info,27,75,56,19,23,75,3.2609,1.0,3.2609,cond>info:2;info>moment:1;info_mul:2;info_sum:1;input:1;leaf:2,True,1.33e-15,
blocks,2,1,2,1,light,both,total,False,ok,False,0.035,142,False,moment,7,13,6,7,23,75,0.5652,0.1733,0.5652,input:1;leaf:3;moment_sum:4;predict:2;update:1,True,2.39e-16,
blocks,2,1,2,1,light,both,latency,False,ok,False,0.075,142,False,moment,7,13,6,7,23,75,0.5652,0.1733,0.5652,input:1;leaf:3;moment_sum:4;predict:2;update:1,True,2.39e-16,
blocks,2,1,2,1,light,info,total,False,ok,False,0.035,142,False,info,23,51,34,17,23,75,2.2174,0.68,2.2174,cond>info:3;info>moment:2;info_mul:3;info_sum:4;input:1;leaf:3,True,1.62e-15,
blocks,2,1,2,1,light,info,latency,False,ok,False,0.048,142,False,info,23,51,34,17,23,75,2.2174,0.68,2.2174,cond>info:3;info>moment:2;info_mul:3;info_sum:4;input:1;leaf:3,True,1.62e-15,
blocks,2,1,2,1,default,both,total,False,ok,False,0.232,142,False,moment,7,13,6,7,23,75,0.5652,0.1733,0.5652,input:1;leaf:3;moment_sum:4;predict:2;update:1,True,2.39e-16,
blocks,2,1,2,1,default,both,latency,False,ok,False,0.411,142,False,moment,7,13,6,7,23,75,0.5652,0.1733,0.5652,input:1;leaf:3;moment_sum:4;predict:2;update:1,True,2.39e-16,
blocks,2,1,2,1,KF,,,True,ok,False,0.036,19,False,moment,7,23,16,7,23,46,1.0,0.5,1.0,input:1;leaf:2;moment_sum:1;predict:1;update:1,True,2.39e-16,
blocks,2,1,2,1,IF,,,True,ok,False,0.026,19,False,info,14,46,32,14,23,46,2.0,1.0,2.0,cond>info:2;info>moment:1;info_mul:2;info_sum:1;input:1;leaf:2,True,1.33e-15,
blocks,2,1,2,1,light,both,total,True,ok,False,0.039,142,False,moment,7,13,6,7,23,46,0.5652,0.2826,0.5652,input:1;leaf:3;moment_sum:4;predict:2;update:1,True,2.39e-16,
blocks,2,1,2,1,light,both,latency,True,ok,False,0.052,142,False,moment,7,13,6,7,23,46,0.5652,0.2826,0.5652,input:1;leaf:3;moment_sum:4;predict:2;update:1,True,2.39e-16,
blocks,2,1,2,1,light,info,total,True,ok,False,0.044,142,False,info,16,40,28,12,23,46,1.7391,0.8696,1.7391,cond>info:3;info>moment:2;info_mul:3;info_sum:4;input:1;leaf:3,True,1.62e-15,
blocks,2,1,2,1,light,info,latency,True,ok,False,0.047,142,False,info,16,40,28,12,23,46,1.7391,0.8696,1.7391,cond>info:3;info>moment:2;info_mul:3;info_sum:4;input:1;leaf:3,True,1.62e-15,
blocks,2,1,2,1,default,both,total,True,ok,False,0.625,142,False,moment,7,13,6,7,23,46,0.5652,0.2826,0.5652,input:1;leaf:3;moment_sum:4;predict:2;update:1,True,2.39e-16,
blocks,2,1,2,1,default,both,latency,True,ok,False,1.168,142,False,moment,7,13,6,7,23,46,0.5652,0.2826,0.5652,input:1;leaf:3;moment_sum:4;predict:2;update:1,True,2.39e-16,
blocks,2,2,4,2,KF,,,False,ok,False,0.036,19,False,moment,56,184,128,56,184,520,1.0,0.3538,1.0,input:1;leaf:2;moment_sum:1;predict:1;update:1,True,2.59e-16,
blocks,2,2,4,2,IF,,,False,ok,False,0.029,19,False,info,200,520,384,136,184,520,2.8261,1.0,2.8261,cond>info:2;info>moment:1;info_mul:2;info_sum:1;input:1;leaf:2,True,1.89e-15,
blocks,2,2,4,2,light,both,total,False,ok,False,0.034,142,False,moment,56,104,48,56,184,520,0.5652,0.2,0.5652,input:1;leaf:3;moment_sum:4;predict:2;update:1,True,3.88e-16,
blocks,2,2,4,2,light,both,latency,False,ok,False,0.055,142,False,moment,56,104,48,56,184,520,0.5652,0.2,0.5652,input:1;leaf:3;moment_sum:4;predict:2;update:1,True,3.88e-16,
blocks,2,2,4,2,light,info,total,False,ok,False,0.063,142,False,info,152,320,200,120,184,520,1.7391,0.6154,1.7391,cond>info:3;info>moment:2;info_mul:3;info_sum:4;input:1;leaf:3,True,1.81e-15,
blocks,2,2,4,2,light,info,latency,False,ok,False,0.057,142,False,info,152,320,200,120,184,520,1.7391,0.6154,1.7391,cond>info:3;info>moment:2;info_mul:3;info_sum:4;input:1;leaf:3,True,1.81e-15,
blocks,2,2,4,2,default,both,total,False,ok,False,0.939,142,False,moment,56,104,48,56,184,520,0.5652,0.2,0.5652,input:1;leaf:3;moment_sum:4;predict:2;update:1,True,3.88e-16,
blocks,2,2,4,2,default,both,latency,False,ok,False,1.26,142,False,moment,56,104,48,56,184,520,0.5652,0.2,0.5652,input:1;leaf:3;moment_sum:4;predict:2;update:1,True,3.88e-16,
blocks,2,2,4,2,KF,,,True,ok,False,0.034,19,False,moment,56,184,128,56,184,280,1.0,0.6571,1.0,input:1;leaf:2;moment_sum:1;predict:1;update:1,True,2.59e-16,
blocks,2,2,4,2,IF,,,True,ok,False,0.026,19,False,info,88,280,192,88,184,280,1.5217,1.0,1.5217,cond>info:2;info>moment:1;info_mul:2;info_sum:1;input:1;leaf:2,True,1.89e-15,
blocks,2,2,4,2,light,both,total,True,ok,False,0.07,142,False,moment,56,104,48,56,184,280,0.5652,0.3714,0.5652,input:1;leaf:3;moment_sum:4;predict:2;update:1,True,3.88e-16,
blocks,2,2,4,2,light,both,latency,True,ok,False,0.074,142,False,moment,56,104,48,56,184,280,0.5652,0.3714,0.5652,input:1;leaf:3;moment_sum:4;predict:2;update:1,True,3.88e-16,
blocks,2,2,4,2,light,info,total,True,ok,False,0.034,142,False,info,88,224,152,72,184,280,1.2174,0.8,1.2174,cond>info:3;info>moment:2;info_mul:3;info_sum:4;input:1;leaf:3,True,1.81e-15,
blocks,2,2,4,2,light,info,latency,True,ok,False,0.064,142,False,info,88,224,152,72,184,280,1.2174,0.8,1.2174,cond>info:3;info>moment:2;info_mul:3;info_sum:4;input:1;leaf:3,True,1.81e-15,
blocks,2,2,4,2,default,both,total,True,ok,False,2.891,142,False,moment,56,104,48,56,184,280,0.5652,0.3714,0.5652,input:1;leaf:3;moment_sum:4;predict:2;update:1,True,3.88e-16,
blocks,2,2,4,2,default,both,latency,True,ok,False,3.13,142,False,moment,56,104,48,56,184,280,0.5652,0.3714,0.5652,input:1;leaf:3;moment_sum:4;predict:2;update:1,True,3.89e-16,
blocks,2,4,8,4,KF,,,False,ok,False,0.041,19,False,moment,448,1472,1024,448,1472,3840,1.0,0.3833,1.0,input:1;leaf:2;moment_sum:1;predict:1;update:1,True,8.52e-16,
blocks,2,4,8,4,IF,,,False,ok,False,0.023,19,False,info,1536,3840,2816,1024,1472,3840,2.6087,1.0,2.6087,cond>info:2;info>moment:1;info_mul:2;info_sum:1;input:1;leaf:2,True,4.63e-15,
blocks,2,4,8,4,light,both,total,False,ok,False,0.049,142,False,moment,448,832,384,448,1472,3840,0.5652,0.2167,0.5652,input:1;leaf:3;moment_sum:4;predict:2;update:1,True,1.06e-15,
blocks,2,4,8,4,light,both,latency,False,ok,False,0.056,142,False,moment,448,832,384,448,1472,3840,0.5652,0.2167,0.5652,input:1;leaf:3;moment_sum:4;predict:2;update:1,True,1.06e-15,
blocks,2,4,8,4,light,info,total,False,ok,False,0.064,142,False,info,1088,2208,1312,896,1472,3840,1.5,0.575,1.5,cond>info:3;info>moment:2;info_mul:3;info_sum:4;input:1;leaf:3,True,4.91e-15,
blocks,2,4,8,4,light,info,latency,False,ok,False,0.072,142,False,info,1088,2208,1312,896,1472,3840,1.5,0.575,1.5,cond>info:3;info>moment:2;info_mul:3;info_sum:4;input:1;leaf:3,True,4.91e-15,
blocks,2,4,8,4,default,both,total,False,ok,False,2.315,142,False,moment,448,832,384,448,1472,3840,0.5652,0.2167,0.5652,input:1;leaf:3;moment_sum:4;predict:2;update:1,True,1.06e-15,
blocks,2,4,8,4,default,both,latency,False,ok,False,2.595,142,False,moment,448,832,384,448,1472,3840,0.5652,0.2167,0.5652,input:1;leaf:3;moment_sum:4;predict:2;update:1,True,1.06e-15,
blocks,2,4,8,4,KF,,,True,ok,False,0.025,19,False,moment,448,1472,1024,448,1472,1888,1.0,0.7797,1.0,input:1;leaf:2;moment_sum:1;predict:1;update:1,True,8.52e-16,
blocks,2,4,8,4,IF,,,True,ok,False,0.025,19,False,info,608,1888,1280,608,1472,1888,1.2826,1.0,1.2826,cond>info:2;info>moment:1;info_mul:2;info_sum:1;input:1;leaf:2,True,4.63e-15,
blocks,2,4,8,4,light,both,total,True,ok,False,0.051,142,False,moment,448,832,384,448,1472,1888,0.5652,0.4407,0.5652,input:1;leaf:3;moment_sum:4;predict:2;update:1,True,1.06e-15,
blocks,2,4,8,4,light,both,latency,True,ok,False,0.059,142,False,moment,448,832,384,448,1472,1888,0.5652,0.4407,0.5652,input:1;leaf:3;moment_sum:4;predict:2;update:1,True,1.06e-15,
blocks,2,4,8,4,light,info,total,True,ok,False,0.036,142,False,info,544,1408,928,480,1472,1888,0.9565,0.7458,0.9565,cond>info:3;info>moment:2;info_mul:3;info_sum:4;input:1;leaf:3,True,4.91e-15,
blocks,2,4,8,4,light,info,latency,True,ok,False,0.034,142,False,info,544,1408,928,480,1472,1888,0.9565,0.7458,0.9565,cond>info:3;info>moment:2;info_mul:3;info_sum:4;input:1;leaf:3,True,4.91e-15,
blocks,2,4,8,4,default,both,total,True,ok,False,1.35,142,False,moment,448,832,384,448,1472,1888,0.5652,0.4407,0.5652,input:1;leaf:3;moment_sum:4;predict:2;update:1,True,1.06e-15,
blocks,2,4,8,4,default,both,latency,True,ok,False,1.711,142,False,moment,448,832,384,448,1472,1888,0.5652,0.4407,0.5652,input:1;leaf:3;moment_sum:4;predict:2;update:1,True,1.06e-15,
blocks,3,1,3,1,KF,,,False,ok,False,0.039,19,False,moment,13,67,54,13,67,220,1.0,0.3045,1.0,input:1;leaf:2;moment_sum:1;predict:1;update:1,True,4.47e-16,
blocks,3,1,3,1,IF,,,False,ok,False,0.022,19,False,info,76,220,171,49,67,220,3.2836,1.0,3.2836,cond>info:2;info>moment:1;info_mul:2;info_sum:1;input:1;leaf:2,True,2.46e-15,
blocks,3,1,3,1,light,both,total,False,ok,False,0.121,910,False,moment,13,25,12,13,67,220,0.3731,0.1136,0.3731,input:1;leaf:4;moment_sum:8;predict:3;update:1,True,3.25e-16,
blocks,3,1,3,1,light,both,latency,False,ok,False,0.217,910,False,moment,13,25,12,13,67,220,0.3731,0.1136,0.3731,input:1;leaf:4;moment_sum:8;predict:3;update:1,True,3.25e-16,
blocks,3,1,3,1,light,info,total,False,ok,False,0.09,910,False,info,57,145,61,84,67,220,2.1642,0.6591,2.1642,cond>info:4;info>moment:3;info_mul:4;info_sum:9;input:1;leaf:4,True,2.63e-15,
blocks,3,1,3,1,light,info,latency,False,ok,False,0.112,910,False,info,57,128,87,41,67,220,1.9104,0.5818,1.9104,cond>info:4;info>moment:3;info_mul:4;info_sum:8;input:1;leaf:4,True,2.13e-15,
blocks,3,1,3,1,default,both,total,False,ok,False,9.264,910,False,moment,13,25,12,13,67,220,0.3731,0.1136,0.3731,input:1;leaf:4;moment_sum:8;predict:3;update:1,True,3.25e-16,
blocks,3,1,3,1,default,both,latency,False,ok,False,14.754,910,False,moment,13,25,12,13,67,220,0.3731,0.1136,0.3731,input:1;leaf:4;moment_sum:8;predict:3;update:1,True,3.25e-16,
blocks,3,1,3,1,KF,,,True,ok,False,0.036,19,False,moment,13,67,54,13,67,129,1.0,0.5194,1.0,input:1;leaf:2;moment_sum:1;predict:1;update:1,True,4.47e-16,
blocks,3,1,3,1,IF,,,True,ok,False,0.046,19,False,info,39,129,90,39,67,129,1.9254,1.0,1.9254,cond>info:2;info>moment:1;info_mul:2;info_sum:1;input:1;leaf:2,True,2.46e-15,
blocks,3,1,3,1,light,both,total,True,ok,False,0.186,910,False,moment,13,25,12,13,67,129,0.3731,0.1938,0.3731,input:1;leaf:4;moment_sum:8;predict:3;update:1,True,3.25e-16,
blocks,3,1,3,1,light,both,latency,True,ok,False,0.177,910,False,moment,13,25,12,13,67,129,0.3731,0.1938,0.3731,input:1;leaf:4;moment_sum:8;predict:3;update:1,True,3.25e-16,
blocks,3,1,3,1,light,info,total,True,ok,False,0.087,910,False,info,44,126,52,74,67,129,1.8806,0.9767,1.8806,cond>info:4;info>moment:3;info_mul:4;info_sum:9;input:1;leaf:4,True,2.63e-15,
blocks,3,1,3,1,light,info,latency,True,ok,False,0.078,910,False,info,44,109,78,31,67,129,1.6269,0.845,1.6269,cond>info:4;info>moment:3;info_mul:4;info_sum:8;input:1;leaf:4,True,2.13e-15,
blocks,3,1,3,1,default,both,total,True,ok,False,13.913,910,False,moment,13,25,12,13,67,129,0.3731,0.1938,0.3731,input:1;leaf:4;moment_sum:8;predict:3;update:1,True,3.25e-16,
blocks,3,1,3,1,default,both,latency,True,ok,False,15.874,910,False,moment,13,25,12,13,67,129,0.3731,0.1938,0.3731,input:1;leaf:4;moment_sum:8;predict:3;update:1,True,3.25e-16,
blocks,3,2,6,2,KF,,,False,ok,False,0.024,19,False,moment,104,536,432,104,536,1580,1.0,0.3392,1.0,input:1;leaf:2;moment_sum:1;predict:1;update:1,True,1.31e-15,
blocks,3,2,6,2,IF,,,False,ok,False,0.029,19,False,info,572,1580,1224,356,536,1580,2.9478,1.0,2.9478,cond>info:2;info>moment:1;info_mul:2;info_sum:1;input:1;leaf:2,True,2.88e-14,
blocks,3,2,6,2,light,both,total,False,ok,False,0.106,910,False,moment,104,200,96,104,536,1580,0.3731,0.1266,0.3731,input:1;leaf:4;moment_sum:8;predict:3;update:1,True,5.52e-15,
blocks,3,2,6,2,light,both,latency,False,ok,False,0.175,910,False,moment,104,200,96,104,536,1580,0.3731,0.1266,0.3731,input:1;leaf:4;moment_sum:8;predict:3;update:1,True,5.52e-15,
blocks,3,2,6,2,light,info,total,False,ok,False,0.091,910,False,info,368,904,360,544,536,1580,1.6866,0.5722,1.6866,cond>info:4;info>moment:3;info_mul:4;info_sum:9;input:1;leaf:4,True,1.82e-14,
blocks,3,2,6,2,light,info,latency,False,ok,False,0.111,910,False,info,368,796,504,292,536,1580,1.4851,0.5038,1.4851,cond>info:4;info>moment:3;info_mul:4;info_sum:8;input:1;leaf:4,True,1.69e-14,
blocks,3,2,6,2,default,both,total,False,ok,False,21.339,910,False,moment,104,200,96,104,536,1580,0.3731,0.1266,0.3731,input:1;leaf:4;moment_sum:8;predict:3;update:1,True,8.50e-15,
blocks,3,2,6,2,default,both,latency,False,ok,False,25.035,910,False,moment,104,200,96,104,536,1580,0.3731,0.1266,0.3731,input:1;leaf:4;moment_sum:8;predict:3;update:1,True,5.52e-15,
blocks,3,2,6,2,KF,,,True,ok,False,0.025,19,False,moment,104,536,432,104,536,840,1.0,0.6381,1.0,input:1;leaf:2;moment_sum:1;predict:1;update:1,True,1.31e-15,
blocks,3,2,6,2,IF,,,True,ok,False,0.033,19,False,info,264,840,576,264,536,840,1.5672,1.0,1.5672,cond>info:2;info>moment:1;info_mul:2;info_sum:1;input:1;leaf:2,True,2.88e-14,
blocks,3,2,6,2,light,both,total,True,ok,False,0.164,910,False,moment,104,200,96,104,536,840,0.3731,0.2381,0.3731,input:1;leaf:4;moment_sum:8;predict:3;update:1,True,5.52e-15,
blocks,3,2,6,2,light,both,latency,True,ok,False,0.189,910,False,moment,104,200,96,104,536,840,0.3731,0.2381,0.3731,input:1;leaf:4;moment_sum:8;predict:3;update:1,True,5.52e-15,
blocks,3,2,6,2,light,info,total,True,ok,False,0.106,910,False,info,252,740,288,452,536,840,1.3806,0.881,1.3806,cond>info:4;info>moment:3;info_mul:4;info_sum:9;input:1;leaf:4,True,1.82e-14,
blocks,3,2,6,2,light,info,latency,True,ok,False,0.101,910,False,info,252,632,432,200,536,840,1.1791,0.7524,1.1791,cond>info:4;info>moment:3;info_mul:4;info_sum:8;input:1;leaf:4,True,1.69e-14,
blocks,3,2,6,2,default,both,total,True,ok,False,20.717,910,False,moment,104,200,96,104,536,840,0.3731,0.2381,0.3731,input:1;leaf:4;moment_sum:8;predict:3;update:1,True,5.52e-15,
blocks,3,2,6,2,default,both,latency,True,ok,False,24.233,910,False,moment,104,200,96,104,536,840,0.3731,0.2381,0.3731,input:1;leaf:4;moment_sum:8;predict:3;update:1,True,5.52e-15,
blocks,3,4,12,4,KF,,,False,ok,False,0.034,19,False,moment,832,4288,3456,832,4288,11920,1.0,0.3597,1.0,input:1;leaf:2;moment_sum:1;predict:1;update:1,True,1.50e-15,
blocks,3,4,12,4,IF,,,False,ok,False,0.028,19,False,info,4432,11920,9216,2704,4288,11920,2.7799,1.0,2.7799,cond>info:2;info>moment:1;info_mul:2;info_sum:1;input:1;leaf:2,True,5.05e-15,
blocks,3,4,12,4,light,both,total,False,ok,False,0.14,910,False,moment,832,1600,768,832,4288,11920,0.3731,0.1342,0.3731,input:1;leaf:4;moment_sum:8;predict:3;update:1,True,2.50e-15,
blocks,3,4,12,4,light,both,latency,False,ok,False,0.17,910,False,moment,832,1600,768,832,4288,11920,0.3731,0.1342,0.3731,input:1;leaf:4;moment_sum:8;predict:3;update:1,True,2.50e-15,
blocks,3,4,12,4,light,info,total,False,ok,False,0.104,910,False,info,2592,6208,2368,3840,4288,11920,1.4478,0.5208,1.4478,cond>info:4;info>moment:3;info_mul:4;info_sum:9;input:1;leaf:4,True,4.59e-15,
blocks,3,4,12,4,light,info,latency,False,ok,False,0.124,910,False,info,2592,5456,3264,2192,4288,11920,1.2724,0.4577,1.2724,cond>info:4;info>moment:3;info_mul:4;info_sum:8;input:1;leaf:4,True,3.50e-15,
blocks,3,4,12,4,default,both,total,False,ok,False,21.383,910,False,moment,832,1600,768,832,4288,11920,0.3731,0.1342,0.3731,input:1;leaf:4;moment_sum:8;predict:3;update:1,True,2.50e-15,
blocks,3,4,12,4,default,both,latency,False,ok,False,25.342,910,False,moment,832,1600,768,832,4288,11920,0.3731,0.1342,0.3731,input:1;leaf:4;moment_sum:8;predict:3;update:1,True,2.50e-15,
blocks,3,4,12,4,KF,,,True,ok,False,0.033,19,False,moment,832,4288,3456,832,4288,5952,1.0,0.7204,1.0,input:1;leaf:2;moment_sum:1;predict:1;update:1,True,1.50e-15,
blocks,3,4,12,4,IF,,,True,ok,False,0.025,19,False,info,1920,5952,4032,1920,4288,5952,1.3881,1.0,1.3881,cond>info:2;info>moment:1;info_mul:2;info_sum:1;input:1;leaf:2,True,5.05e-15,
blocks,3,4,12,4,light,both,total,True,ok,False,0.13,910,False,moment,832,1600,768,832,4288,5952,0.3731,0.2688,0.3731,input:1;leaf:4;moment_sum:8;predict:3;update:1,True,2.50e-15,
blocks,3,4,12,4,light,both,latency,True,ok,False,0.295,910,False,moment,832,1600,768,832,4288,5952,0.3731,0.2688,0.3731,input:1;leaf:4;moment_sum:8;predict:3;update:1,True,2.50e-15,
blocks,3,4,12,4,light,info,total,True,ok,False,0.087,910,False,info,1616,4848,1792,3056,4288,5952,1.1306,0.8145,1.1306,cond>info:4;info>moment:3;info_mul:4;info_sum:9;input:1;leaf:4,True,4.59e-15,
blocks,3,4,12,4,light,info,latency,True,ok,False,0.126,910,False,info,1616,4096,2688,1408,4288,5952,0.9552,0.6882,0.9552,cond>info:4;info>moment:3;info_mul:4;info_sum:8;input:1;leaf:4,True,3.50e-15,
blocks,3,4,12,4,default,both,total,True,ok,False,20.756,910,False,moment,832,1600,768,832,4288,5952,0.3731,0.2688,0.3731,input:1;leaf:4;moment_sum:8;predict:3;update:1,True,2.50e-15,
blocks,3,4,12,4,default,both,latency,True,ok,False,22.588,910,False,moment,832,1600,768,832,4288,5952,0.3731,0.2688,0.3731,input:1;leaf:4;moment_sum:8;predict:3;update:1,True,2.52e-15,
blocks,4,1,4,1,KF,,,False,ok,False,0.035,19,False,moment,21,149,128,21,149,485,1.0,0.3072,1.0,input:1;leaf:2;moment_sum:1;predict:1;update:1,True,7.31e-16,
blocks,4,1,4,1,IF,,,False,ok,False,0.028,19,False,info,165,485,384,101,149,485,3.255,1.0,3.255,cond>info:2;info>moment:1;info_mul:2;info_sum:1;input:1;leaf:2,True,2.11e-15,
blocks,4,1,4,1,light,both,total,False,ok,False,0.411,5462,False,moment,21,41,20,21,149,485,0.2752,0.0845,0.2752,input:1;leaf:5;moment_sum:13;predict:4;update:1,True,4.16e-16,
blocks,4,1,4,1,light,both,latency,False,ok,False,0.896,5462,False,moment,21,41,20,21,149,485,0.2752,0.0845,0.2752,input:1;leaf:5;moment_sum:13;predict:4;update:1,True,4.16e-16,
blocks,4,1,4,1,light,info,total,False,ok,False,0.304,5462,False,info,112,290,138,152,149,485,1.9463,0.5979,1.9463,cond>info:5;info>moment:4;info_mul:5;info_sum:14;input:1;leaf:5,True,4.47e-15,
blocks,4,1,4,1,light,info,latency,False,ok,False,0.307,5462,False,info,112,264,180,84,149,485,1.7718,0.5443,1.7718,cond>info:5;info>moment:4;info_mul:5;info_sum:13;input:1;leaf:5,True,3.78e-15,
blocks,4,1,4,1,default,both,total,False,ok,False,45.57,5462,False,moment,21,41,20,21,149,485,0.2752,0.0845,0.2752,input:1;leaf:5;moment_sum:13;predict:4;update:1,True,4.16e-16,
blocks,4,1,4,1,default,both,latency,False,ok,False,73.186,5462,False,moment,21,41,20,21,149,485,0.2752,0.0845,0.2752,input:1;leaf:5;moment_sum:13;predict:4;update:1,True,4.17e-16,
blocks,4,1,4,1,KF,,,True,ok,False,0.032,19,False,moment,21,149,128,21,149,276,1.0,0.5399,1.0,input:1;leaf:2;moment_sum:1;predict:1;update:1,True,7.31e-16,
blocks,4,1,4,1,IF,,,True,ok,False,0.031,19,False,info,84,276,192,84,149,276,1.8523,1.0,1.8523,cond>info:2;info>moment:1;info_mul:2;info_sum:1;input:1;leaf:2,True,2.11e-15,
blocks,4,1,4,1,light,both,total,True,ok,False,0.41,5462,False,moment,21,41,20,21,149,276,0.2752,0.1486,0.2752,input:1;leaf:5;moment_sum:13;predict:4;update:1,True,4.16e-16,
blocks,4,1,4,1,light,both,latency,True,ok,False,0.865,5462,False,moment,21,41,20,21,149,276,0.2752,0.1486,0.2752,input:1;leaf:5;moment_sum:13;predict:4;update:1,True,4.16e-16,
blocks,4,1,4,1,light,info,total,True,ok,False,0.268,5462,False,info,91,261,126,135,149,276,1.7517,0.9457,1.7517,cond>info:5;info>moment:4;info_mul:5;info_sum:14;input:1;leaf:5,True,4.47e-15,
blocks,4,1,4,1,light,info,latency,True,ok,False,0.443,5462,False,info,91,235,168,67,149,276,1.5772,0.8514,1.5772,cond>info:5;info>moment:4;info_mul:5;info_sum:13;input:1;leaf:5,True,3.78e-15,
blocks,4,1,4,1,default,both,total,True,ok,False,36.898,5462,False,moment,21,41,20,21,149,276,0.2752,0.1486,0.2752,input:1;leaf:5;moment_sum:13;predict:4;update:1,True,4.16e-16,
blocks,4,1,4,1,default,both,latency,True,ok,False,62.414,5462,False,moment,21,41,20,21,149,276,0.2752,0.1486,0.2752,input:1;leaf:5;moment_sum:13;predict:4;update:1,True,6.26e-16,
blocks,4,2,8,2,KF,,,False,ok,False,0.034,19,False,moment,168,1192,1024,168,1192,3560,1.0,0.3348,1.0,input:1;leaf:2;moment_sum:1;predict:1;update:1,True,8.28e-16,
blocks,4,2,8,2,IF,,,False,ok,False,0.026,19,False,info,1256,3560,2816,744,1192,3560,2.9866,1.0,2.9866,cond>info:2;info>moment:1;info_mul:2;info_sum:1;input:1;leaf:2,True,9.38e-15,
blocks,4,2,8,2,light,both,total,False,ok,False,0.341,5462,False,moment,168,328,160,168,1192,3560,0.2752,0.0921,0.2752,input:1;leaf:5;moment_sum:13;predict:4;update:1,True,1.10e-15,
blocks,4,2,8,2,light,both,latency,False,ok,False,0.944,5462,False,moment,168,328,160,168,1192,3560,0.2752,0.0921,0.2752,input:1;leaf:5;moment_sum:13;predict:4;update:1,True,1.10e-15,
blocks,4,2,8,2,light,info,total,False,ok,False,0.343,5462,False,info,736,1820,804,1016,1192,3560,1.5268,0.5112,1.5268,cond>info:5;info>moment:4;info_mul:5;info_sum:14;input:1;leaf:5,True,6.23e-15,
blocks,4,2,8,2,light,info,latency,False,ok,False,0.442,5462,False,info,736,1648,1040,608,1192,3560,1.3826,0.4629,1.3826,cond>info:5;info>moment:4;info_mul:5;info_sum:13;input:1;leaf:5,True,5.82e-15,
blocks,4,2,8,2,default,both,total,False,ok,False,46.343,5462,False,moment,168,328,160,168,1192,3560,0.2752,0.0921,0.2752,input:1;leaf:5;moment_sum:13;predict:4;update:1,True,1.44e-15,
blocks,4,2,8,2,default,both,latency,False,ok,False,73.058,5462,False,moment,168,328,160,168,1192,3560,0.2752,0.0921,0.2752,input:1;leaf:5;moment_sum:13;predict:4;update:1,True,1.20e-15,
blocks,4,2,8,2,KF,,,True,ok,False,0.041,19,False,moment,168,1192,1024,168,1192,1872,1.0,0.6368,1.0,input:1;leaf:2;moment_sum:1;predict:1;update:1,True,8.28e-16,
blocks,4,2,8,2,IF,,,True,ok,False,0.028,19,False,info,592,1872,1280,592,1192,1872,1.5705,1.0,1.5705,cond>info:2;info>moment:1;info_mul:2;info_sum:1;input:1;leaf:2,True,9.38e-15,
blocks,4,2,8,2,light,both,total,True,ok,False,0.553,5462,False,moment,168,328,160,168,1192,1872,0.2752,0.1752,0.2752,input:1;leaf:5;moment_sum:13;predict:4;update:1,True,1.10e-15,
blocks,4,2,8,2,light,both,latency,True,ok,False,0.919,5462,False,moment,168,328,160,168,1192,1872,0.2752,0.1752,0.2752,input:1;leaf:5;moment_sum:13;predict:4;update:1,True,1.10e-15,
blocks,4,2,8,2,light,info,total,True,ok,False,0.242,5462,False,info,552,1572,708,864,1192,1872,1.3188,0.8397,1.3188,cond>info:5;info>moment:4;info_mul:5;info_sum:14;input:1;leaf:5,True,6.23e-15,
blocks,4,2,8,2,light,info,latency,True,ok,False,0.597,5462,False,info,552,1400,944,456,1192,1872,1.1745,0.7479,1.1745,cond>info:5;info>moment:4;info_mul:5;info_sum:13;input:1;leaf:5,True,5.82e-15,
blocks,4,2,8,2,default,both,total,True,ok,False,44.618,5462,False,moment,168,328,160,168,1192,1872,0.2752,0.1752,0.2752,input:1;leaf:5;moment_sum:13;predict:4;update:1,True,1.10e-15,
blocks,4,2,8,2,default,both,latency,True,ok,False,67.029,5462,False,moment,168,328,160,168,1192,1872,0.2752,0.1752,0.2752,input:1;leaf:5;moment_sum:13;predict:4;update:1,True,1.44e-15,
blocks,4,4,16,4,KF,,,False,ok,False,0.05,19,False,moment,1344,9536,8192,1344,9536,27200,1.0,0.3506,1.0,input:1;leaf:2;moment_sum:1;predict:1;update:1,True,7.17e-16,
blocks,4,4,16,4,IF,,,False,ok,False,0.032,19,False,info,9792,27200,21504,5696,9536,27200,2.8523,1.0,2.8523,cond>info:2;info>moment:1;info_mul:2;info_sum:1;input:1;leaf:2,True,2.28e-14,
blocks,4,4,16,4,light,both,total,False,ok,False,0.464,5462,False,moment,1344,2624,1280,1344,9536,27200,0.2752,0.0965,0.2752,input:1;leaf:5;moment_sum:13;predict:4;update:1,True,9.68e-16,
blocks,4,4,16,4,light,both,latency,False,ok,False,0.949,5462,False,moment,1344,2624,1280,1344,9536,27200,0.2752,0.0965,0.2752,input:1;leaf:5;moment_sum:13;predict:4;update:1,True,9.68e-16,
blocks,4,4,16,4,light,info,total,False,ok,False,0.364,5462,False,info,5248,12560,5232,7328,9536,27200,1.3171,0.4618,1.3171,cond>info:5;info>moment:4;info_mul:5;info_sum:14;input:1;leaf:5,True,1.22e-14,
blocks,4,4,16,4,light,info,latency,False,ok,False,0.442,5462,False,info,5248,11328,6720,4608,9536,27200,1.1879,0.4165,1.1879,cond>info:5;info>moment:4;info_mul:5;info_sum:13;input:1;leaf:5,True,1.35e-14,
blocks,4,4,16,4,default,both,total,False,ok,False,46.948,5462,False,moment,1344,2624,1280,1344,9536,27200,0.2752,0.0965,0.2752,input:1;leaf:5;moment_sum:13;predict:4;update:1,True,8.49e-16,
blocks,4,4,16,4,default,both,latency,False,ok,False,78.463,5462,False,moment,1344,2624,1280,1344,9536,27200,0.2752,0.0965,0.2752,input:1;leaf:5;moment_sum:13;predict:4;update:1,True,9.68e-16,
blocks,4,4,16,4,KF,,,True,ok,False,0.041,19,False,moment,1344,9536,8192,1344,9536,13632,1.0,0.6995,1.0,input:1;leaf:2;moment_sum:1;predict:1;update:1,True,7.17e-16,
blocks,4,4,16,4,IF,,,True,ok,False,0.031,19,False,info,4416,13632,9216,4416,9536,13632,1.4295,1.0,1.4295,cond>info:2;info>moment:1;info_mul:2;info_sum:1;input:1;leaf:2,True,2.28e-14,
blocks,4,4,16,4,light,both,total,True,ok,False,0.505,5462,False,moment,1344,2624,1280,1344,9536,13632,0.2752,0.1925,0.2752,input:1;leaf:5;moment_sum:13;predict:4;update:1,True,9.68e-16,
blocks,4,4,16,4,light,both,latency,True,ok,False,1.211,5462,False,moment,1344,2624,1280,1344,9536,13632,0.2752,0.1925,0.2752,input:1;leaf:5;moment_sum:13;predict:4;update:1,True,9.68e-16,
blocks,4,4,16,4,light,info,total,True,ok,False,0.344,5462,False,info,3712,10512,4464,6048,9536,13632,1.1023,0.7711,1.1023,cond>info:5;info>moment:4;info_mul:5;info_sum:14;input:1;leaf:5,True,1.22e-14,
blocks,4,4,16,4,light,info,latency,True,ok,False,0.573,5462,False,info,3712,9280,5952,3328,9536,13632,0.9732,0.6808,0.9732,cond>info:5;info>moment:4;info_mul:5;info_sum:13;input:1;leaf:5,True,1.35e-14,
blocks,4,4,16,4,default,both,total,True,ok,False,42.793,5462,False,moment,1344,2624,1280,1344,9536,13632,0.2752,0.1925,0.2752,input:1;leaf:5;moment_sum:13;predict:4;update:1,True,8.80e-16,
blocks,4,4,16,4,default,both,latency,True,ok,False,65.831,5462,False,moment,1344,2624,1280,1344,9536,13632,0.2752,0.1925,0.2752,input:1;leaf:5;moment_sum:13;predict:4;update:1,True,9.68e-16,
coupled,2,1,2,2,KF,,,False,ok,False,0.027,19,False,moment,24,40,16,24,40,92,1.0,0.4348,1.0,input:1;leaf:2;moment_sum:1;predict:1;update:1,True,2.44e-16,
coupled,2,1,2,2,IF,,,False,ok,False,0.03,19,False,info,44,92,56,36,40,92,2.3,1.0,2.3,cond>info:2;info>moment:1;info_mul:2;info_sum:1;input:1;leaf:2,True,2.10e-15,
coupled,2,1,2,2,light,both,total,False,ok,False,0.073,413,False,moment,6,23,6,17,40,92,0.575,0.25,0.575,input:1;leaf:4;moment_sum:4;predict:2;update:2,True,5.00e-16,
coupled,2,1,2,2,light,both,latency,False,ok,False,0.104,413,False,moment,6,23,9,14,40,92,0.575,0.25,0.575,input:1;leaf:4;moment_sum:4;predict:2;update:2,True,5.03e-16,
coupled,2,1,2,2,light,info,total,False,ok,False,0.069,413,False,info,20,58,24,34,40,92,1.45,0.6304,1.45,cond>info:4;info>moment:2;info_mul:4;info_sum:4;input:1;leaf:4,True,1.08e-15,
coupled,2,1,2,2,light,info,latency,False,ok,False,0.065,413,False,info,20,58,38,20,40,92,1.45,0.6304,1.45,cond>info:4;info>moment:2;info_mul:4;info_sum:4;input:1;leaf:4,True,1.48e-15,
coupled,2,1,2,2,default,both,total,False,ok,False,20.118,413,False,moment,6,23,6,17,40,92,0.575,0.25,0.575,input:1;leaf:4;moment_sum:4;predict:2;update:2,True,5.00e-16,
coupled,2,1,2,2,default,both,latency,False,ok,False,20.833,413,False,moment,6,23,9,14,40,92,0.575,0.25,0.575,input:1;leaf:4;moment_sum:4;predict:2;update:2,True,5.76e-16,
coupled,2,1,2,2,KF,,,True,ok,False,0.047,19,False,moment,24,40,16,24,40,48,1.0,0.8333,1.0,input:1;leaf:2;moment_sum:1;predict:1;update:1,True,2.44e-16,
coupled,2,1,2,2,IF,,,True,ok,False,0.028,19,False,info,16,48,32,16,40,48,1.2,1.0,1.2,cond>info:2;info>moment:1;info_mul:2;info_sum:1;input:1;leaf:2,True,2.10e-15,
coupled,2,1,2,2,light,both,total,True,ok,False,0.053,413,False,moment,6,23,6,17,40,48,0.575,0.4792,0.575,input:1;leaf:4;moment_sum:4;predict:2;update:2,True,5.00e-16,
coupled,2,1,2,2,light,both,latency,True,ok,False,0.127,413,False,moment,6,23,9,14,40,48,0.575,0.4792,0.575,input:1;leaf:4;moment_sum:4;predict:2;update:2,True,5.03e-16,
coupled,2,1,2,2,light,info,total,True,ok,False,0.059,413,False,info,14,44,14,30,40,48,1.1,0.9167,1.1,cond>info:4;info>moment:2;info_mul:4;info_sum:4;input:1;leaf:4,True,1.08e-15,
coupled,2,1,2,2,light,info,latency,True,ok,False,0.092,413,False,info,14,44,28,16,40,48,1.1,0.9167,1.1,cond>info:4;info>moment:2;info_mul:4;info_sum:4;input:1;leaf:4,True,1.48e-15,
coupled,2,1,2,2,default,both,total,True,ok,False,18.566,413,False,moment,6,23,6,17,40,48,0.575,0.4792,0.575,input:1;leaf:4;moment_sum:4;predict:2;update:2,True,5.00e-16,
coupled,2,1,2,2,default,both,latency,True,ok,False,19.971,413,False,moment,6,23,9,14,40,48,0.575,0.4792,0.575,input:1;leaf:4;moment_sum:4;predict:2;update:2,True,5.76e-16,
coupled,2,2,4,4,KF,,,False,ok,False,0.036,19,False,moment,192,320,128,192,320,656,1.0,0.4878,1.0,input:1;leaf:2;moment_sum:1;predict:1;update:1,True,7.15e-16,
coupled,2,2,4,4,IF,,,False,ok,False,0.029,19,False,info,336,656,384,272,320,656,2.05,1.0,2.05,cond>info:2;info>moment:1;info_mul:2;info_sum:1;input:1;leaf:2,True,2.07e-15,
coupled,2,2,4,4,light,both,total,False,ok,False,0.099,413,False,moment,48,184,48,136,320,656,0.575,0.2805,0.575,input:1;leaf:4;moment_sum:4;predict:2;update:2,True,7.56e-16,
coupled,2,2,4,4,light,both,latency,False,ok,False,0.128,413,False,moment,48,184,72,112,320,656,0.575,0.2805,0.575,input:1;leaf:4;moment_sum:4;predict:2;update:2,True,6.49e-16,
coupled,2,2,4,4,light,info,total,False,ok,False,0.073,413,False,info,128,360,156,204,320,656,1.125,0.5488,1.125,cond>info:4;info>moment:2;info_mul:4;info_sum:4;input:1;leaf:4,True,2.88e-15,
coupled,2,2,4,4,light,info,latency,False,ok,False,0.105,413,False,info,128,360,232,128,320,656,1.125,0.5488,1.125,cond>info:4;info>moment:2;info_mul:4;info_sum:4;input:1;leaf:4,True,1.44e-15,
coupled,2,2,4,4,default,both,total,False,ok,False,21.728,413,False,moment,48,184,48,136,320,656,0.575,0.2805,0.575,input:1;leaf:4;moment_sum:4;predict:2;update:2,True,7.56e-16,
coupled,2,2,4,4,default,both,latency,False,ok,False,24.185,413,False,moment,48,184,72,112,320,656,0.575,0.2805,0.575,input:1;leaf:4;moment_sum:4;predict:2;update:2,True,6.49e-16,
coupled,2,2,4,4,KF,,,True,ok,False,0.045,19,False,moment,192,320,128,192,320,288,1.0,1.1111,1.1111,input:1;leaf:2;moment_sum:1;predict:1;update:1,True,7.15e-16,
coupled,2,2,4,4,IF,,,True,ok,False,0.041,19,False,info,96,288,192,96,320,288,0.9,1.0,1.0,cond>info:2;info>moment:1;info_mul:2;info_sum:1;input:1;leaf:2,True,2.07e-15,
coupled,2,2,4,4,light,both,total,True,ok,False,0.104,413,False,moment,32,184,48,136,320,288,0.575,0.6389,0.6389,input:1;leaf:4;moment_sum:4;predict:2;update:2,True,7.56e-16,
coupled,2,2,4,4,light,both,latency,True,ok,False,0.122,413,False,info,48,240,152,88,320,288,0.75,0.8333,0.8333,cond>info:4;info>moment:2;info_mul:4;info_sum:4;input:1;leaf:4,True,1.44e-15,
coupled,2,2,4,4,light,info,total,True,ok,False,0.058,413,False,info,72,240,76,164,320,288,0.75,0.8333,0.8333,cond>info:4;info>moment:2;info_mul:4;info_sum:4;input:1;leaf:4,True,2.88e-15,
coupled,2,2,4,4,light,info,latency,True,ok,False,0.061,413,False,info,72,240,152,88,320,288,0.75,0.8333,0.8333,cond>info:4;info>moment:2;info_mul:4;info_sum:4;input:1;leaf:4,True,1.44e-15,
coupled,2,2,4,4,default,both,total,True,ok,False,22.776,413,False,moment,32,184,72,112,320,288,0.575,0.6389,0.6389,input:1;leaf:4;moment_sum:4;predict:2;update:2,True,6.72e-16,
coupled,2,2,4,4,default,both,latency,True,ok,False,23.214,413,False,info,48,240,152,88,320,288,0.75,0.8333,0.8333,cond>info:4;info>moment:2;info_mul:4;info_sum:4;input:1;leaf:4,True,1.26e-15,
coupled,2,4,8,8,KF,,,False,ok,False,0.039,19,False,moment,1536,2560,1024,1536,2560,4928,1.0,0.5195,1.0,input:1;leaf:2;moment_sum:1;predict:1;update:1,True,1.08e-15,
coupled,2,4,8,8,IF,,,False,ok,False,0.028,19,False,info,2624,4928,2816,2112,2560,4928,1.925,1.0,1.925,cond>info:2;info>moment:1;info_mul:2;info_sum:1;input:1;leaf:2,True,1.45e-15,
coupled,2,4,8,8,light,both,total,False,ok,False,0.081,413,False,moment,384,1472,384,1088,2560,4928,0.575,0.2987,0.575,input:1;leaf:4;moment_sum:4;predict:2;update:2,True,1.69e-15,
coupled,2,4,8,8,light,both,latency,False,ok,False,0.164,413,False,moment,384,1472,576,896,2560,4928,0.575,0.2987,0.575,input:1;leaf:4;moment_sum:4;predict:2;update:2,True,1.69e-15,
coupled,2,4,8,8,light,info,total,False,ok,False,0.061,413,False,info,896,2464,1104,1360,2560,4928,0.9625,0.5,0.9625,cond>info:4;info>moment:2;info_mul:4;info_sum:4;input:1;leaf:4,True,2.41e-15,
coupled,2,4,8,8,light,info,latency,False,ok,False,0.063,413,False,info,896,2464,1568,896,2560,4928,0.9625,0.5,0.9625,cond>info:4;info>moment:2;info_mul:4;info_sum:4;input:1;leaf:4,True,4.10e-15,
coupled,2,4,8,8,default,both,total,False,ok,False,22.777,413,False,moment,384,1472,576,896,2560,4928,0.575,0.2987,0.575,input:1;leaf:4;moment_sum:4;predict:2;update:2,True,1.69e-15,
coupled,2,4,8,8,default,both,latency,False,ok,False,24.378,413,False,moment,384,1472,576,896,2560,4928,0.575,0.2987,0.575,input:1;leaf:4;moment_sum:4;predict:2;update:2,True,1.69e-15,
coupled,2,4,8,8,KF,,,True,ok,False,0.025,19,False,moment,1536,2560,1024,1536,2560,1920,1.0,1.3333,1.3333,input:1;leaf:2;moment_sum:1;predict:1;update:1,True,1.08e-15,
coupled,2,4,8,8,IF,,,True,ok,False,0.029,19,False,info,640,1920,1280,640,2560,1920,0.75,1.0,1.0,cond>info:2;info>moment:1;info_mul:2;info_sum:1;input:1;leaf:2,True,1.45e-15,
coupled,2,4,8,8,light,both,total,True,ok,False,0.101,413,False,moment,192,1472,384,1088,2560,1920,0.575,0.7667,0.7667,input:1;leaf:4;moment_sum:4;predict:2;update:2,True,2.05e-15,
coupled,2,4,8,8,light,both,latency,True,ok,False,0.173,413,False,info,256,1472,928,544,2560,1920,0.575,0.7667,0.7667,cond>info:4;info>moment:2;info_mul:4;info_sum:4;input:1;leaf:4,True,4.10e-15,
coupled,2,4,8,8,light,info,total,True,ok,False,0.059,413,False,info,416,1472,464,1008,2560,1920,0.575,0.7667,0.7667,cond>info:4;info>moment:2;info_mul:4;info_sum:4;input:1;leaf:4,True,2.41e-15,
coupled,2,4,8,8,light,info,latency,True,ok,False,0.069,413,False,info,416,1472,928,544,2560,1920,0.575,0.7667,0.7667,cond>info:4;info>moment:2;info_mul:4;info_sum:4;input:1;leaf:4,True,4.10e-15,
coupled,2,4,8,8,default,both,total,True,ok,False,15.613,413,False,moment,192,1472,384,1088,2560,1920,0.575,0.7667,0.7667,input:1;leaf:4;moment_sum:4;predict:2;update:2,True,2.05e-15,
coupled,2,4,8,8,default,both,latency,True,ok,False,16.882,413,False,info,256,1472,928,544,2560,1920,0.575,0.7667,0.7667,cond>info:4;info>moment:2;info_mul:4;info_sum:4;input:1;leaf:4,True,4.10e-15,
coupled,3,1,3,3,KF,,,False,ok,False,0.057,19,False,moment,81,135,54,81,135,288,1.0,0.4688,1.0,input:1;leaf:2;moment_sum:1;predict:1;update:1,True,3.43e-16,
coupled,3,1,3,3,IF,,,False,ok,False,0.049,19,False,info,144,288,171,117,135,288,2.1333,1.0,2.1333,cond>info:2;info>moment:1;info_mul:2;info_sum:1;input:1;leaf:2,True,2.00e-15,
coupled,3,1,3,3,light,both,total,False,ok,False,0.784,6103,False,moment,9,59,20,39,135,288,0.437,0.2049,0.437,input:1;leaf:6;moment_sum:8;predict:3;update:3,True,4.77e-16,
coupled,3,1,3,3,light,both,latency,False,ok,False,1.75,6103,False,moment,9,59,20,39,135,288,0.437,0.2049,0.437,input:1;leaf:6;moment_sum:8;predict:3;update:3,True,4.77e-16,
coupled,3,1,3,3,light,info,total,False,ok,False,0.351,6103,False,info,37,165,69,96,135,288,1.2222,0.5729,1.2222,cond>info:6;info>moment:3;info_mul:6;info_sum:11;input:1;leaf:6,True,1.20e-15,
coupled,3,1,3,3,light,info,latency,False,ok,False,0.61,6103,False,info,37,145,95,50,135,288,1.0741,0.5035,1.0741,cond>info:6;info>moment:3;info_mul:6;info_sum:8;input:1;leaf:6,True,1.61e-15,
coupled,3,1,3,3,default,both,total,False,ok,False,57.984,6103,False,moment,9,129,16,113,135,288,0.9556,0.4479,0.9556,input:1;leaf:6;moment_sum:12;predict:7;update:11,True,7.85e-16,
coupled,3,1,3,3,default,both,latency,False,ok,False,111.147,6103,False,moment,9,59,20,39,135,288,0.437,0.2049,0.437,input:1;leaf:6;moment_sum:8;predict:3;update:3,True,7.85e-16,
coupled,3,1,3,3,KF,,,True,ok,False,0.04,19,False,moment,81,135,54,81,135,135,1.0,1.0,1.0,input:1;leaf:2;moment_sum:1;predict:1;update:1,True,3.43e-16,
coupled,3,1,3,3,IF,,,True,ok,False,0.054,19,False,info,45,135,90,45,135,135,1.0,1.0,1.0,cond>info:2;info>moment:1;info_mul:2;info_sum:1;input:1;leaf:2,True,2.00e-15,
coupled,3,1,3,3,light,both,total,True,ok,False,0.773,6103,False,moment,9,59,20,39,135,135,0.437,0.437,0.437,input:1;leaf:6;moment_sum:8;predict:3;update:3,True,4.77e-16,
coupled,3,1,3,3,light,both,latency,True,ok,False,1.145,6103,False,moment,9,59,20,39,135,135,0.437,0.437,0.437,input:1;leaf:6;moment_sum:8;predict:3;update:3,True,4.77e-16,
coupled,3,1,3,3,light,info,total,True,ok,False,0.33,6103,False,info,28,142,52,90,135,135,1.0519,1.0519,1.0519,cond>info:6;info>moment:3;info_mul:6;info_sum:11;input:1;leaf:6,True,1.20e-15,
coupled,3,1,3,3,light,info,latency,True,ok,False,0.454,6103,False,info,28,122,78,44,135,135,0.9037,0.9037,0.9037,cond>info:6;info>moment:3;info_mul:6;info_sum:8;input:1;leaf:6,True,1.61e-15,
coupled,3,1,3,3,default,both,total,True,ok,False,62.68,6103,False,moment,9,129,16,113,135,135,0.9556,0.9556,0.9556,input:1;leaf:6;moment_sum:12;predict:7;update:11,True,7.85e-16,
coupled,3,1,3,3,default,both,latency,True,ok,False,111.837,6103,False,moment,9,59,20,39,135,135,0.437,0.437,0.437,input:1;leaf:6;moment_sum:8;predict:3;update:3,True,6.51e-16,
coupled,3,2,6,6,KF,,,False,ok,False,0.038,19,False,moment,648,1080,432,648,1080,2124,1.0,0.5085,1.0,input:1;leaf:2;moment_sum:1;predict:1;update:1,True,2.66e-15,
coupled,3,2,6,6,IF,,,False,ok,False,0.026,19,False,info,1116,2124,1224,900,1080,2124,1.9667,1.0,1.9667,cond>info:2;info>moment:1;info_mul:2;info_sum:1;input:1;leaf:2,True,2.34e-15,
coupled,3,2,6,6,light,both,total,False,ok,False,0.74,6103,False,moment,72,472,160,312,1080,2124,0.437,0.2222,0.437,input:1;leaf:6;moment_sum:8;predict:3;update:3,True,2.11e-15,
coupled,3,2,6,6,light,both,latency,False,ok,False,1.072,6103,False,moment,72,472,160,312,1080,2124,0.437,0.2222,0.437,input:1;leaf:6;moment_sum:8;predict:3;update:3,True,2.11e-15,
coupled,3,2,6,6,light,info,total,False,ok,False,0.315,6103,False,info,220,1060,424,636,1080,2124,0.9815,0.4991,0.9815,cond>info:6;info>moment:3;info_mul:6;info_sum:11;input:1;leaf:6,True,1.74e-15,
coupled,3,2,6,6,light,info,latency,False,ok,False,0.754,6103,False,info,220,880,568,312,1080,2124,0.8148,0.4143,0.8148,cond>info:6;info>moment:3;info_mul:6;info_sum:8;input:1;leaf:6,True,1.84e-15,
coupled,3,2,6,6,default,both,total,False,ok,False,63.926,6103,False,moment,72,1032,128,904,1080,2124,0.9556,0.4859,0.9556,input:1;leaf:6;moment_sum:12;predict:7;update:11,True,1.86e-15,
coupled,3,2,6,6,default,both,latency,False,ok,False,115.95,6103,False,moment,72,472,160,312,1080,2124,0.437,0.2222,0.437,input:1;leaf:6;moment_sum:8;predict:3;update:3,True,1.95e-15,
coupled,3,2,6,6,KF,,,True,ok,False,0.035,19,False,moment,648,1080,432,648,1080,864,1.0,1.25,1.25,input:1;leaf:2;moment_sum:1;predict:1;update:1,True,2.66e-15,
coupled,3,2,6,6,IF,,,True,ok,False,0.034,19,False,info,288,864,576,288,1080,864,0.8,1.0,1.0,cond>info:2;info>moment:1;info_mul:2;info_sum:1;input:1;leaf:2,True,2.34e-15,
coupled,3,2,6,6,light,both,total,True,ok,False,0.626,6103,False,moment,48,472,160,312,1080,864,0.437,0.5463,0.5463,input:1;leaf:6;moment_sum:8;predict:3;update:3,True,1.77e-15,
coupled,3,2,6,6,light,both,latency,True,ok,False,0.78,6103,False,info,100,700,432,268,1080,864,0.6481,0.8102,0.8102,cond>info:6;info>moment:2;info_mul:6;info_sum:6;input:1;leaf:6;moment_sum:2,True,1.84e-15,
coupled,3,2,6,6,light,info,total,True,ok,False,0.381,6103,False,info,136,864,288,576,1080,864,0.8,1.0,1.0,cond>info:6;info>moment:3;info_mul:6;info_sum:11;input:1;leaf:6,True,1.74e-15,
coupled,3,2,6,6,light,info,latency,True,ok,False,0.423,6103,False,info,136,684,432,252,1080,864,0.6333,0.7917,0.7917,cond>info:6;info>moment:3;info_mul:6;info_sum:8;input:1;leaf:6,True,1.84e-15,
coupled,3,2,6,6,default,both,total,True,ok,False,50.697,6103,False,moment,48,472,128,344,1080,864,0.437,0.5463,0.5463,input:1;leaf:6;moment_sum:8;predict:3;update:3,True,1.86e-15,
coupled,3,2,6,6,default,both,latency,True,ok,False,87.456,6103,False,moment,48,472,160,312,1080,864,0.437,0.5463,0.5463,input:1;leaf:6;moment_sum:8;predict:3;update:3,True,1.74e-15,
coupled,3,4,12,12,KF,,,False,ok,False,0.034,19,False,moment,5184,8640,3456,5184,8640,16272,1.0,0.531,1.0,input:1;leaf:2;moment_sum:1;predict:1;update:1,True,1.72e-15,
coupled,3,4,12,12,IF,,,False,ok,False,0.039,19,False,info,8784,16272,9216,7056,8640,16272,1.8833,1.0,1.8833,cond>info:2;info>moment:1;info_mul:2;info_sum:1;input:1;leaf:2,True,2.19e-15,
coupled,3,4,12,12,light,both,total,False,ok,False,0.578,6103,False,moment,576,3776,1280,2496,8640,16272,0.437,0.2321,0.437,input:1;leaf:6;moment_sum:8;predict:3;update:3,True,1.37e-15,
coupled,3,4,12,12,light,both,latency,False,ok,False,1.101,6103,False,info,976,6048,3776,2272,8640,16272,0.7,0.3717,0.7,cond>info:6;info>moment:2;info_mul:6;info_sum:6;input:1;leaf:6;moment_sum:2,True,2.55e-15,
coupled,3,4,12,12,light,info,total,False,ok,False,0.279,6103,False,info,1456,6480,2880,3600,8640,16272,0.75,0.3982,0.75,cond>info:6;info>moment:3;info_mul:6;info_sum:9;input:1;leaf:6,True,2.29e-15,
coupled,3,4,12,12,light,info,latency,False,ok,False,0.392,6103,False,info,1456,5920,3776,2144,8640,16272,0.6852,0.3638,0.6852,cond>info:6;info>moment:3;info_mul:6;info_sum:8;input:1;leaf:6,True,2.55e-15,
coupled,3,4,12,12,default,both,total,False,ok,False,63.673,6103,False,info,1360,7632,2880,4752,8640,16272,0.8833,0.469,0.8833,cond>info:6;info>moment:3;info_mul:6;info_sum:11;input:1;leaf:6,True,2.29e-15,
coupled,3,4,12,12,default,both,latency,False,ok,False,117.118,6103,False,moment,576,3776,1280,2496,8640,16272,0.437,0.2321,0.437,input:1;leaf:6;moment_sum:8;predict:3;update:3,True,1.86e-15,
coupled,3,4,12,12,KF,,,True,ok,False,0.034,19,False,moment,5184,8640,3456,5184,8640,6048,1.0,1.4286,1.4286,input:1;leaf:2;moment_sum:1;predict:1;update:1,True,1.72e-15,
coupled,3,4,12,12,IF,,,True,ok,False,0.027,19,False,info,2016,6048,4032,2016,8640,6048,0.7,1.0,1.0,cond>info:2;info>moment:1;info_mul:2;info_sum:1;input:1;leaf:2,True,2.19e-15,
coupled,3,4,12,12,light,both,total,True,ok,False,0.465,6103,False,moment,288,3776,1280,2496,8640,6048,0.437,0.6243,0.6243,input:1;leaf:6;moment_sum:8;predict:3;update:3,True,1.37e-15,
coupled,3,4,12,12,light,both,latency,True,ok,False,1.056,6103,False,info,496,4432,2688,1744,8640,6048,0.513,0.7328,0.7328,cond>info:6;info>moment:2;info_mul:6;info_sum:6;input:1;leaf:6;moment_sum:2,True,2.55e-15,
coupled,3,4,12,12,light,info,total,True,ok,False,0.311,6103,False,info,736,4864,1792,3072,8640,6048,0.563,0.8042,0.8042,cond>info:6;info>moment:3;info_mul:6;info_sum:9;input:1;leaf:6,True,2.29e-15,
coupled,3,4,12,12,light,info,latency,True,ok,False,0.494,6103,False,info,736,4304,2688,1616,8640,6048,0.4981,0.7116,0.7116,cond>info:6;info>moment:3;info_mul:6;info_sum:8;input:1;leaf:6,True,2.55e-15,
coupled,3,4,12,12,default,both,total,True,ok,False,47.929,6103,False,info,496,6016,1792,4224,8640,6048,0.6963,0.9947,0.9947,cond>info:6;info>moment:3;info_mul:6;info_sum:11;input:1;leaf:6,True,2.29e-15,
coupled,3,4,12,12,default,both,latency,True,ok,False,87.412,6103,False,info,496,5232,2688,2544,8640,6048,0.6056,0.8651,0.8651,cond>info:6;info>moment:3;info_mul:14;info_sum:9;input:1;leaf:6,True,2.99e-15,
coupled,4,1,4,4,KF,,,False,ok,False,0.032,19,False,moment,192,320,128,192,320,656,1.0,0.4878,1.0,input:1;leaf:2;moment_sum:1;predict:1;update:1,True,8.35e-16,
coupled,4,1,4,4,IF,,,False,ok,False,0.025,19,False,info,336,656,384,272,320,656,2.05,1.0,2.05,cond>info:2;info>moment:1;info_mul:2;info_sum:1;input:1;leaf:2,True,8.61e-16,
coupled,4,1,4,4,light,both,total,False,ok,True,6.236,52490,True,moment,12,217,30,187,320,656,0.6781,0.3308,0.6781,input:1;leaf:8;moment_sum:18;predict:8;update:15,True,5.20e-16,
coupled,4,1,4,4,light,both,latency,False,ok,True,16.623,52490,True,moment,12,200,35,165,320,656,0.625,0.3049,0.625,input:1;leaf:8;moment_sum:12;predict:4;update:13,True,8.66e-16,
coupled,4,1,4,4,light,info,total,False,ok,True,2.678,52490,True,info,56,333,150,183,320,656,1.0406,0.5076,1.0406,cond>info:8;info>moment:4;info_mul:8;info_sum:17;input:1;leaf:8,True,2.20e-15,
coupled,4,1,4,4,light,info,latency,False,ok,True,5.732,52490,True,info,56,310,192,118,320,656,0.9688,0.4726,0.9688,cond>info:8;info>moment:4;info_mul:11;info_sum:12;input:1;leaf:8,True,1.28e-15,
coupled,4,1,4,4,default,both,total,False,ok,True,188.646,65876,True,moment,15,281,30,251,320,656,0.8781,0.4284,0.8781,input:1;leaf:8;moment_sum:21;predict:12;update:17,True,5.77e-16,
coupled,4,1,4,4,default,both,latency,False,ok,True,381.286,65876,True,moment,15,219,35,184,320,656,0.6844,0.3338,0.6844,input:1;leaf:8;moment_sum:13;predict:4;update:16,True,6.52e-16,
coupled,4,1,4,4,KF,,,True,ok,False,0.045,19,False,moment,192,320,128,192,320,288,1.0,1.1111,1.1111,input:1;leaf:2;moment_sum:1;predict:1;update:1,True,8.35e-16,
coupled,4,1,4,4,IF,,,True,ok,False,0.042,19,False,info,96,288,192,96,320,288,0.9,1.0,1.0,cond>info:2;info>moment:1;info_mul:2;info_sum:1;input:1;leaf:2,True,8.61e-16,
coupled,4,1,4,4,light,both,total,True,ok,True,7.895,52490,True,moment,12,217,30,187,320,288,0.6781,0.7535,0.7535,input:1;leaf:8;moment_sum:18;predict:8;update:15,True,5.20e-16,
coupled,4,1,4,4,light,both,latency,True,ok,True,15.749,52490,True,moment,12,200,35,165,320,288,0.625,0.6944,0.6944,input:1;leaf:8;moment_sum:12;predict:4;update:13,True,8.66e-16,
coupled,4,1,4,4,light,info,total,True,ok,True,3.059,52490,True,info,44,301,126,175,320,288,0.9406,1.0451,1.0451,cond>info:8;info>moment:4;info_mul:8;info_sum:17;input:1;leaf:8,True,2.20e-15,
coupled,4,1,4,4,light,info,latency,True,ok,True,5.024,52490,True,info,44,278,168,110,320,288,0.8688,0.9653,0.9653,cond>info:8;info>moment:4;info_mul:11;info_sum:12;input:1;leaf:8,True,1.28e-15,
coupled,4,1,4,4,default,both,total,True,ok,True,190.998,65876,True,moment,15,281,30,251,320,288,0.8781,0.9757,0.9757,input:1;leaf:8;moment_sum:21;predict:12;update:17,True,5.77e-16,
coupled,4,1,4,4,default,both,latency,True,ok,True,377.203,65876,True,moment,15,219,35,184,320,288,0.6844,0.7604,0.7604,input:1;leaf:8;moment_sum:13;predict:4;update:16,True,6.52e-16,
coupled,4,2,8,8,KF,,,False,ok,False,0.055,19,False,moment,1536,2560,1024,1536,2560,4928,1.0,0.5195,1.0,input:1;leaf:2;moment_sum:1;predict:1;update:1,True,8.86e-16,
coupled,4,2,8,8,IF,,,False,ok,False,0.031,19,False,info,2624,4928,2816,2112,2560,4928,1.925,1.0,1.925,cond>info:2;info>moment:1;info_mul:2;info_sum:1;input:1;leaf:2,True,1.74e-15,
coupled,4,2,8,8,light,both,total,False,ok,True,7.247,52490,True,moment,96,1736,240,1496,2560,4928,0.6781,0.3523,0.6781,input:1;leaf:8;moment_sum:18;predict:8;update:15,True,1.53e-15,
coupled,4,2,8,8,light,both,latency,False,ok,True,15.576,52490,True,info,224,1824,1136,688,2560,4928,0.7125,0.3701,0.7125,cond>info:8;info>moment:4;info_mul:11;info_sum:12;input:1;leaf:8,True,1.66e-15,
coupled,4,2,8,8,light,info,total,False,ok,True,2.827,52490,True,info,320,2092,900,1192,2560,4928,0.8172,0.4245,0.8172,cond>info:8;info>moment:4;info_mul:14;info_sum:16;input:1;leaf:8,True,2.01e-15,
coupled,4,2,8,8,light,info,latency,False,ok,True,6.608,52490,True,info,320,1824,1136,688,2560,4928,0.7125,0.3701,0.7125,cond>info:8;info>moment:4;info_mul:11;info_sum:12;input:1;leaf:8,True,1.66e-15,
coupled,4,2,8,8,default,both,total,False,ok,True,187.312,65876,True,info,248,2216,900,1316,2560,4928,0.8656,0.4497,0.8656,cond>info:8;info>moment:4;info_mul:8;info_sum:17;input:1;leaf:8,True,2.14e-15,
coupled,4,2,8,8,default,both,latency,False,ok,True,380.758,65876,True,info,248,2016,1136,880,2560,4928,0.7875,0.4091,0.7875,cond>info:8;info>moment:4;info_mul:14;info_sum:12;input:1;leaf:8;update:4,True,1.23e-15,
coupled,4,2,8,8,KF,,,True,ok,False,0.048,19,False,moment,1536,2560,1024,1536,2560,1920,1.0,1.3333,1.3333,input:1;leaf:2;moment_sum:1;predict:1;update:1,True,8.86e-16,
coupled,4,2,8,8,IF,,,True,ok,False,0.042,19,False,info,640,1920,1280,640,2560,1920,0.75,1.0,1.0,cond>info:2;info>moment:1;info_mul:2;info_sum:1;input:1;leaf:2,True,1.74e-15,
coupled,4,2,8,8,light,both,total,True,ok,True,6.547,52490,True,moment,64,1736,240,1496,2560,1920,0.6781,0.9042,0.9042,input:1;leaf:8;moment_sum:18;predict:8;update:15,True,1.53e-15,
coupled,4,2,8,8,light,both,latency,True,ok,True,17.326,52490,True,info,160,1552,944,608,2560,1920,0.6062,0.8083,0.8083,cond>info:8;info>moment:4;info_mul:11;info_sum:12;input:1;leaf:8,True,1.66e-15,
coupled,4,2,8,8,light,info,total,True,ok,True,2.758,52490,True,info,208,1820,708,1112,2560,1920,0.7109,0.9479,0.9479,cond>info:8;info>moment:4;info_mul:14;info_sum:16;input:1;leaf:8,True,2.01e-15,
coupled,4,2,8,8,light,info,latency,True,ok,True,5.992,52490,True,info,208,1552,944,608,2560,1920,0.6062,0.8083,0.8083,cond>info:8;info>moment:4;info_mul:11;info_sum:12;input:1;leaf:8,True,1.66e-15,
coupled,4,2,8,8,default,both,total,True,ok,True,170.699,65876,True,info,160,1944,708,1236,2560,1920,0.7594,1.0125,1.0125,cond>info:8;info>moment:4;info_mul:8;info_sum:17;input:1;leaf:8,True,2.14e-15,
coupled,4,2,8,8,default,both,latency,True,ok,True,347.519,65876,True,info,160,1664,944,720,2560,1920,0.65,0.8667,0.8667,cond>info:8;info>moment:4;info_mul:18;info_sum:12;input:1;leaf:8,True,1.50e-15,
coupled,4,4,16,16,KF,,,False,ok,False,0.033,19,False,moment,12288,20480,8192,12288,20480,38144,1.0,0.5369,1.0,input:1;leaf:2;moment_sum:1;predict:1;update:1,True,2.31e-15,
coupled,4,4,16,16,IF,,,False,ok,False,0.027,19,False,info,20736,38144,21504,16640,20480,38144,1.8625,1.0,1.8625,cond>info:2;info>moment:1;info_mul:2;info_sum:1;input:1;leaf:2,True,3.99e-15,
coupled,4,4,16,16,light,both,total,False,ok,True,6.973,52490,True,info,1408,13824,6000,7824,20480,38144,0.675,0.3624,0.675,cond>info:8;info>moment:4;info_mul:17;info_sum:16;input:1;leaf:8;update:2,True,4.72e-15,
coupled,4,4,16,16,light,both,latency,False,ok,True,13.632,52490,True,info,1408,11968,7488,4480,20480,38144,0.5844,0.3138,0.5844,cond>info:8;info>moment:4;info_mul:11;info_sum:12;input:1;leaf:8,True,5.61e-15,
coupled,4,4,16,16,light,info,total,False,ok,True,2.985,52490,True,info,2048,13472,6000,7472,20480,38144,0.6578,0.3532,0.6578,cond>info:8;info>moment:4;info_mul:19;info_sum:16;input:1;leaf:8,True,4.72e-15,
coupled,4,4,16,16,light,info,latency,False,ok,True,5.935,52490,True,info,2048,11968,7488,4480,20480,38144,0.5844,0.3138,0.5844,cond>info:8;info>moment:4;info_mul:11;info_sum:12;input:1;leaf:8,True,5.61e-15,
coupled,4,4,16,16,default,both,total,False,ok,True,191.215,65876,True,info,1600,15264,6000,9264,20480,38144,0.7453,0.4002,0.7453,cond>info:8;info>moment:4;info_mul:8;info_sum:17;input:1;leaf:8,True,4.72e-15,
coupled,4,4,16,16,default,both,latency,False,ok,True,382.781,65876,True,info,1600,13120,7488,5632,20480,38144,0.6406,0.344,0.6406,cond>info:8;info>moment:4;info_mul:14;info_sum:12;input:1;leaf:8;update:4,True,5.95e-15,
coupled,4,4,16,16,KF,,,True,ok,False,0.04,19,False,moment,12288,20480,8192,12288,20480,13824,1.0,1.4815,1.4815,input:1;leaf:2;moment_sum:1;predict:1;update:1,True,2.31e-15,
coupled,4,4,16,16,IF,,,True,ok,False,0.021,19,False,info,4608,13824,9216,4608,20480,13824,0.675,1.0,1.0,cond>info:2;info>moment:1;info_mul:2;info_sum:1;input:1;leaf:2,True,3.99e-15,
coupled,4,4,16,16,light,both,total,True,ok,True,6.804,52490,True,info,768,11584,4464,7120,20480,13824,0.5656,0.838,0.838,cond>info:8;info>moment:4;info_mul:17;info_sum:16;input:1;leaf:8;update:2,True,4.72e-15,
coupled,4,4,16,16,light,both,latency,True,ok,True,15.047,52490,True,info,768,9728,5952,3776,20480,13824,0.475,0.7037,0.7037,cond>info:8;info>moment:4;info_mul:11;info_sum:12;input:1;leaf:8,True,5.61e-15,
coupled,4,4,16,16,light,info,total,True,ok,True,2.687,52490,True,info,1088,11232,4464,6768,20480,13824,0.5484,0.8125,0.8125,cond>info:8;info>moment:4;info_mul:19;info_sum:16;input:1;leaf:8,True,4.72e-15,
coupled,4,4,16,16,light,info,latency,True,ok,True,5.5,52490,True,info,1088,9728,5952,3776,20480,13824,0.475,0.7037,0.7037,cond>info:8;info>moment:4;info_mul:11;info_sum:12;input:1;leaf:8,True,5.61e-15,
coupled,4,4,16,16,default,both,total,True,ok,True,169.915,65876,True,info,768,13024,4464,8560,20480,13824,0.6359,0.9421,0.9421,cond>info:8;info>moment:4;info_mul:8;info_sum:17;input:1;leaf:8,True,4.72e-15,
coupled,4,4,16,16,default,both,latency,True,ok,True,331.192,65876,True,info,768,10176,5952,4224,20480,13824,0.4969,0.7361,0.7361,cond>info:8;info>moment:4;info_mul:18;info_sum:12;input:1;leaf:8,True,5.87e-15,
