model,m,K,search,objective,status,wall,search_s,step_nodes,hit_limit,head_prep,head_latency,head_cost,step_prep,step_latency,step_cost,fwd_step_prep,fwd_step_latency,fwd_step_cost,latency_vs_forward,cost_vs_forward,latency_vs_total,cost_vs_total,prepare_ms,update_ms,T,checked_times,checked_against,correct,max_abs_err,error
hmm,1,3,-,forward,ok,False,0.0,,,0,3,3,18,3,21,18,3,21,1.0,1.0,,,0.0757,0.0788,64,17,brute_force+junction_tree,True,1.11e-15,
hmm,1,3,-,jt,ok,False,0.0,,,0,3,3,0,27,27,18,3,21,9.0,1.2857,,,0.0421,0.0595,64,17,brute_force+junction_tree,True,1.17e-15,
fhmm2,2,3,-,forward,ok,False,0.0,,,9,27,36,216,27,243,216,27,243,1.0,1.0,,,0.1609,0.1691,64,17,brute_force+joint_state+junction_tree,True,7.99e-15,
fhmm2,2,3,-,jt,ok,False,0.0,,,9,27,36,54,180,234,216,27,243,6.6667,0.963,,,0.1194,0.1508,64,17,brute_force+joint_state+junction_tree,True,8.10e-15,
fhmm3,3,3,-,forward,ok,False,0.0,,,36,108,144,2106,108,2214,2106,108,2214,1.0,1.0,,,0.1356,0.1107,64,17,brute_force+joint_state+junction_tree,True,4.33e-15,
fhmm3,3,3,-,jt,ok,False,0.0,,,36,108,144,324,918,1242,2106,108,2214,8.5,0.561,,,0.2545,0.2374,64,17,brute_force+joint_state+junction_tree,True,4.33e-15,
fhmm4,4,3,-,forward,ok,False,0.0,,,117,360,477,19440,360,19800,19440,360,19800,1.0,1.0,,,0.3242,0.2012,64,17,brute_force+joint_state+junction_tree,True,3.64e-15,
fhmm4,4,3,-,jt,ok,False,0.0,,,117,360,477,1458,3870,5328,19440,360,19800,10.75,0.2691,,,0.1993,0.3312,64,17,brute_force+joint_state+junction_tree,True,3.64e-15,
chmm2,2,3,-,forward,ok,False,0.0,,,9,36,45,216,36,252,216,36,252,1.0,1.0,,,0.1108,0.1019,64,17,brute_force+joint_state+junction_tree,True,8.38e-15,
chmm2,2,3,-,jt,ok,False,0.0,,,9,36,45,54,162,216,216,36,252,4.5,0.8571,,,0.0825,0.1123,64,17,brute_force+joint_state+junction_tree,True,8.27e-15,
chmm3,3,3,-,forward,ok,False,0.0,,,36,162,198,2106,162,2268,2106,162,2268,1.0,1.0,,,0.1556,0.1394,64,17,brute_force+joint_state+junction_tree,True,9.10e-15,
chmm3,3,3,-,jt,ok,False,0.0,,,36,162,198,324,549,873,2106,162,2268,3.3889,0.3849,,,0.1255,0.1652,64,17,brute_force+joint_state+junction_tree,True,9.16e-15,
chmm4,4,3,-,forward,ok,False,0.0,,,117,603,720,19440,603,20043,19440,603,20043,1.0,1.0,,,0.211,0.151,64,17,brute_force+joint_state+junction_tree,True,2.44e-15,
chmm4,4,3,-,jt,ok,False,0.0,,,117,603,720,1458,1719,3177,19440,603,20043,2.8507,0.1585,,,0.1358,0.1852,64,17,brute_force+joint_state+junction_tree,True,2.39e-15,
hmm,1,3,light,total,ok,False,0.029,19,False,0,3,3,18,3,21,18,3,21,1.0,1.0,1.0,1.0,0.0697,0.0497,64,17,brute_force+junction_tree,True,1.11e-15,
hmm,1,3,light,latency,ok,False,0.022,19,False,0,3,3,18,3,21,18,3,21,1.0,1.0,1.0,1.0,0.0511,0.0376,64,17,brute_force+junction_tree,True,1.11e-15,
hmm,1,3,light,weighted:2,ok,False,0.028,19,False,0,3,3,18,3,21,18,3,21,1.0,1.0,1.0,1.0,0.0668,0.0476,64,17,brute_force+junction_tree,True,1.11e-15,
hmm,1,3,light,weighted:4,ok,False,0.034,19,False,0,3,3,18,3,21,18,3,21,1.0,1.0,1.0,1.0,0.1395,0.0558,64,17,brute_force+junction_tree,True,1.11e-15,
hmm,1,3,light,weighted:10,ok,False,0.03,19,False,0,3,3,18,3,21,18,3,21,1.0,1.0,1.0,1.0,0.0672,0.0476,64,17,brute_force+junction_tree,True,1.11e-15,
hmm,1,3,default,total,ok,False,0.115,19,False,0,3,3,18,3,21,18,3,21,1.0,1.0,1.0,1.0,0.0759,0.1953,64,17,brute_force+junction_tree,True,1.11e-15,
hmm,1,3,default,latency,ok,False,0.062,19,False,0,3,3,18,3,21,18,3,21,1.0,1.0,1.0,1.0,0.0835,0.0509,64,17,brute_force+junction_tree,True,1.11e-15,
hmm,1,3,default,weighted:2,ok,False,0.062,19,False,0,3,3,18,3,21,18,3,21,1.0,1.0,1.0,1.0,0.1301,0.0684,64,17,brute_force+junction_tree,True,1.11e-15,
hmm,1,3,default,weighted:4,ok,False,0.081,19,False,0,3,3,18,3,21,18,3,21,1.0,1.0,1.0,1.0,0.0694,0.0616,64,17,brute_force+junction_tree,True,1.11e-15,
hmm,1,3,default,weighted:10,ok,False,0.07,19,False,0,3,3,18,3,21,18,3,21,1.0,1.0,1.0,1.0,0.0804,0.0714,64,17,brute_force+junction_tree,True,1.11e-15,
fhmm2,2,3,light,total,ok,False,0.072,142,False,9,27,36,108,27,135,216,27,243,1.0,0.5556,1.0,1.0,0.1414,0.1183,64,17,brute_force+joint_state+junction_tree,True,8.10e-15,
fhmm2,2,3,light,latency,ok,False,0.111,142,False,9,27,36,108,27,135,216,27,243,1.0,0.5556,1.0,1.0,0.2322,0.0876,64,17,brute_force+joint_state+junction_tree,True,8.10e-15,
fhmm2,2,3,light,weighted:2,ok,False,0.097,142,False,9,27,36,108,27,135,216,27,243,1.0,0.5556,1.0,1.0,0.1892,0.195,64,17,brute_force+joint_state+junction_tree,True,8.10e-15,
fhmm2,2,3,light,weighted:4,ok,False,0.156,142,False,9,27,36,108,27,135,216,27,243,1.0,0.5556,1.0,1.0,0.1898,0.1763,64,17,brute_force+joint_state+junction_tree,True,8.10e-15,
fhmm2,2,3,light,weighted:10,ok,False,0.061,142,False,9,27,36,108,27,135,216,27,243,1.0,0.5556,1.0,1.0,0.0939,0.0968,64,17,brute_force+joint_state+junction_tree,True,8.10e-15,
fhmm2,2,3,default,total,ok,False,0.105,142,False,9,27,36,108,27,135,216,27,243,1.0,0.5556,1.0,1.0,0.1037,0.0843,64,17,brute_force+joint_state+junction_tree,True,7.99e-15,
fhmm2,2,3,default,latency,ok,False,0.084,142,False,9,27,36,108,27,135,216,27,243,1.0,0.5556,1.0,1.0,0.0877,0.0817,64,17,brute_force+joint_state+junction_tree,True,8.10e-15,
fhmm2,2,3,default,weighted:2,ok,False,0.111,142,False,9,27,36,108,27,135,216,27,243,1.0,0.5556,1.0,1.0,0.095,0.0806,64,17,brute_force+joint_state+junction_tree,True,8.10e-15,
fhmm2,2,3,default,weighted:4,ok,False,0.097,142,False,9,27,36,108,27,135,216,27,243,1.0,0.5556,1.0,1.0,0.0835,0.0714,64,17,brute_force+joint_state+junction_tree,True,8.10e-15,
fhmm2,2,3,default,weighted:10,ok,False,0.079,142,False,9,27,36,108,27,135,216,27,243,1.0,0.5556,1.0,1.0,0.0661,0.057,64,17,brute_force+joint_state+junction_tree,True,8.10e-15,
fhmm3,3,3,light,total,ok,False,0.12,910,False,36,108,144,324,405,729,2106,108,2214,3.75,0.3293,1.0,1.0,0.1708,0.2036,64,17,brute_force+joint_state+junction_tree,True,4.33e-15,
fhmm3,3,3,light,latency,ok,False,0.109,910,False,36,108,144,486,108,594,2106,108,2214,1.0,0.2683,0.2667,0.8148,0.121,0.1111,64,17,brute_force+joint_state+junction_tree,True,4.33e-15,
fhmm3,3,3,light,weighted:2,ok,False,0.098,910,False,36,108,144,486,108,594,2106,108,2214,1.0,0.2683,0.2667,0.8148,0.1463,0.1225,64,17,brute_force+joint_state+junction_tree,True,4.33e-15,
fhmm3,3,3,light,weighted:4,ok,False,0.083,910,False,36,108,144,486,108,594,2106,108,2214,1.0,0.2683,0.2667,0.8148,0.0918,0.0928,64,17,brute_force+joint_state+junction_tree,True,4.33e-15,
fhmm3,3,3,light,weighted:10,ok,False,0.081,910,False,36,108,144,486,108,594,2106,108,2214,1.0,0.2683,0.2667,0.8148,0.1216,0.1085,64,17,brute_force+joint_state+junction_tree,True,4.33e-15,
fhmm3,3,3,default,total,ok,False,1.149,910,False,9,135,144,486,108,594,2106,108,2214,1.0,0.2683,1.0,1.0,0.1219,0.1076,64,17,brute_force+joint_state+junction_tree,True,4.33e-15,
fhmm3,3,3,default,latency,ok,False,0.303,910,False,36,108,144,486,108,594,2106,108,2214,1.0,0.2683,1.0,1.0,0.1155,0.1036,64,17,brute_force+joint_state+junction_tree,True,4.33e-15,
fhmm3,3,3,default,weighted:2,ok,False,0.422,910,False,36,108,144,486,108,594,2106,108,2214,1.0,0.2683,1.0,1.0,0.1212,0.1076,64,17,brute_force+joint_state+junction_tree,True,4.33e-15,
fhmm3,3,3,default,weighted:4,ok,False,0.38,910,False,36,108,144,486,108,594,2106,108,2214,1.0,0.2683,1.0,1.0,0.1261,0.1117,64,17,brute_force+joint_state+junction_tree,True,4.33e-15,
fhmm3,3,3,default,weighted:10,ok,False,0.319,910,False,36,108,144,486,108,594,2106,108,2214,1.0,0.2683,1.0,1.0,0.1239,0.1253,64,17,brute_force+joint_state+junction_tree,True,4.33e-15,
fhmm4,4,3,light,total,ok,False,0.275,5462,False,18,441,459,1458,1251,2709,19440,360,19800,3.475,0.1368,1.0,1.0,0.1686,0.2004,64,17,brute_force+joint_state+junction_tree,True,3.61e-15,
fhmm4,4,3,light,latency,ok,False,0.264,5462,False,99,360,459,1944,360,2304,19440,360,19800,1.0,0.1164,0.2878,0.8505,0.184,0.1859,64,17,brute_force+joint_state+junction_tree,True,3.64e-15,
fhmm4,4,3,light,weighted:2,ok,False,0.245,5462,False,99,360,459,1944,360,2304,19440,360,19800,1.0,0.1164,0.2878,0.8505,0.1793,0.1656,64,17,brute_force+joint_state+junction_tree,True,3.64e-15,
fhmm4,4,3,light,weighted:4,ok,False,0.186,5462,False,99,360,459,1944,360,2304,19440,360,19800,1.0,0.1164,0.2878,0.8505,0.1135,0.1042,64,17,brute_force+joint_state+junction_tree,True,3.64e-15,
fhmm4,4,3,light,weighted:10,ok,False,0.329,5462,False,99,360,459,1944,360,2304,19440,360,19800,1.0,0.1164,0.2878,0.8505,0.2063,0.188,64,17,brute_force+joint_state+junction_tree,True,3.64e-15,
fhmm4,4,3,default,total,ok,False,32.236,5462,False,99,333,432,1944,333,2277,19440,360,19800,0.925,0.115,1.0,1.0,0.1154,0.1027,64,17,brute_force+joint_state+junction_tree,True,3.69e-15,
fhmm4,4,3,default,latency,ok,False,4.101,5462,False,99,333,432,1944,333,2277,19440,360,19800,0.925,0.115,1.0,1.0,0.1726,0.162,64,17,brute_force+joint_state+junction_tree,True,3.64e-15,
fhmm4,4,3,default,weighted:2,ok,False,20.751,5462,False,99,333,432,1944,333,2277,19440,360,19800,0.925,0.115,1.0,1.0,0.1557,0.1382,64,17,brute_force+joint_state+junction_tree,True,3.58e-15,
fhmm4,4,3,default,weighted:4,ok,False,4.268,5462,False,99,333,432,1944,333,2277,19440,360,19800,0.925,0.115,1.0,1.0,0.1728,0.1497,64,17,brute_force+joint_state+junction_tree,True,3.64e-15,
fhmm4,4,3,default,weighted:10,ok,False,8.118,5462,False,99,333,432,1944,333,2277,19440,360,19800,0.925,0.115,1.0,1.0,0.2233,0.1883,64,17,brute_force+joint_state+junction_tree,True,3.64e-15,
chmm2,2,3,light,total,ok,False,0.048,413,False,0,27,27,54,90,144,216,36,252,2.5,0.5714,1.0,1.0,0.0636,0.0774,64,17,brute_force+joint_state+junction_tree,True,8.38e-15,
chmm2,2,3,light,latency,ok,False,0.074,413,False,0,27,27,108,36,144,216,36,252,1.0,0.5714,0.4,1.0,0.1055,0.1024,64,17,brute_force+joint_state+junction_tree,True,8.38e-15,
chmm2,2,3,light,weighted:2,ok,False,0.065,413,False,0,27,27,108,36,144,216,36,252,1.0,0.5714,0.4,1.0,0.0981,0.0937,64,17,brute_force+joint_state+junction_tree,True,8.38e-15,
chmm2,2,3,light,weighted:4,ok,False,0.056,413,False,0,27,27,108,36,144,216,36,252,1.0,0.5714,0.4,1.0,0.0915,0.0872,64,17,brute_force+joint_state+junction_tree,True,8.38e-15,
chmm2,2,3,light,weighted:10,ok,False,0.065,413,False,0,27,27,108,36,144,216,36,252,1.0,0.5714,0.4,1.0,0.0941,0.0942,64,17,brute_force+joint_state+junction_tree,True,8.38e-15,
chmm2,2,3,default,total,ok,False,0.313,413,False,0,27,27,54,90,144,216,36,252,2.5,0.5714,1.0,1.0,0.069,0.0867,64,17,brute_force+joint_state+junction_tree,True,8.27e-15,
chmm2,2,3,default,latency,ok,False,0.148,413,False,0,27,27,108,36,144,216,36,252,1.0,0.5714,0.4,1.0,0.1076,0.0936,64,17,brute_force+joint_state+junction_tree,True,8.38e-15,
chmm2,2,3,default,weighted:2,ok,False,0.205,413,False,0,27,27,108,36,144,216,36,252,1.0,0.5714,0.4,1.0,0.1452,0.1382,64,17,brute_force+joint_state+junction_tree,True,8.38e-15,
chmm2,2,3,default,weighted:4,ok,False,0.18,413,False,0,27,27,108,36,144,216,36,252,1.0,0.5714,0.4,1.0,0.1495,0.1408,64,17,brute_force+joint_state+junction_tree,True,8.33e-15,
chmm2,2,3,default,weighted:10,ok,False,0.165,413,False,0,27,27,108,36,144,216,36,252,1.0,0.5714,0.4,1.0,0.0916,0.0905,64,17,brute_force+joint_state+junction_tree,True,8.33e-15,
chmm3,3,3,light,total,ok,False,0.225,6103,False,0,66,66,324,369,693,2106,162,2268,2.2778,0.3056,1.0,1.0,0.1326,0.1734,64,17,brute_force+joint_state+junction_tree,True,9.21e-15,
chmm3,3,3,light,latency,ok,False,0.232,6103,False,0,66,66,486,144,630,2106,162,2268,0.8889,0.2778,0.3902,0.9091,0.1019,0.1097,64,17,brute_force+joint_state+junction_tree,True,9.16e-15,
chmm3,3,3,light,weighted:2,ok,False,0.222,6103,False,0,66,66,324,369,693,2106,162,2268,2.2778,0.3056,1.0,1.0,0.1157,0.144,64,17,brute_force+joint_state+junction_tree,True,9.21e-15,
chmm3,3,3,light,weighted:4,ok,False,0.24,6103,False,0,66,66,486,144,630,2106,162,2268,0.8889,0.2778,0.3902,0.9091,0.1293,0.1341,64,17,brute_force+joint_state+junction_tree,True,9.21e-15,
chmm3,3,3,light,weighted:10,ok,False,0.231,6103,False,0,66,66,486,144,630,2106,162,2268,0.8889,0.2778,0.3902,0.9091,0.1531,0.1591,64,17,brute_force+joint_state+junction_tree,True,9.16e-15,
chmm3,3,3,default,total,ok,False,62.882,6103,False,0,66,66,324,288,612,2106,162,2268,1.7778,0.2698,1.0,1.0,0.1219,0.1476,64,17,brute_force+joint_state+junction_tree,True,9.21e-15,
chmm3,3,3,default,latency,ok,False,9.017,6103,False,0,66,66,486,144,630,2106,162,2268,0.8889,0.2778,0.5,1.0294,0.1227,0.1191,64,17,brute_force+joint_state+junction_tree,True,9.16e-15,
chmm3,3,3,default,weighted:2,ok,False,31.835,6103,False,0,66,66,486,144,630,2106,162,2268,0.8889,0.2778,0.5,1.0294,0.2023,0.2096,64,17,brute_force+joint_state+junction_tree,True,9.21e-15,
chmm3,3,3,default,weighted:4,ok,False,6.942,6103,False,0,66,66,486,144,630,2106,162,2268,0.8889,0.2778,0.5,1.0294,0.131,0.1377,64,17,brute_force+joint_state+junction_tree,True,9.21e-15,
chmm3,3,3,default,weighted:10,ok,False,11.606,6103,False,0,66,66,486,144,630,2106,162,2268,0.8889,0.2778,0.5,1.0294,0.1034,0.106,64,17,brute_force+joint_state+junction_tree,True,9.16e-15,
chmm4,4,3,light,total,ok,True,2.021,52490,True,0,141,141,1458,1197,2655,19440,603,20043,1.9851,0.1325,1.0,1.0,0.1869,0.3041,64,17,brute_force+joint_state+junction_tree,True,2.44e-15,
chmm4,4,3,light,latency,ok,True,1.779,52490,True,0,141,141,1944,531,2475,19440,603,20043,0.8806,0.1235,0.4436,0.9322,0.1403,0.1608,64,17,brute_force+joint_state+junction_tree,True,2.39e-15,
chmm4,4,3,light,weighted:2,ok,True,2.283,52490,True,0,141,141,1944,624,2568,19440,603,20043,1.0348,0.1281,0.5213,0.9672,0.1798,0.2329,64,17,brute_force+joint_state+junction_tree,True,2.39e-15,
chmm4,4,3,light,weighted:4,ok,True,1.899,52490,True,0,141,141,1944,624,2568,19440,603,20043,1.0348,0.1281,0.5213,0.9672,0.1491,0.184,64,17,brute_force+joint_state+junction_tree,True,2.39e-15,
chmm4,4,3,light,weighted:10,ok,True,2.08,52490,True,0,141,141,1944,441,2385,19440,603,20043,0.7313,0.119,0.3684,0.8983,0.1687,0.1831,64,17,brute_force+joint_state+junction_tree,True,2.44e-15,
chmm4,4,3,default,total,ok,True,153.601,65876,True,0,141,141,1458,1008,2466,19440,603,20043,1.6716,0.123,1.0,1.0,0.4628,0.5315,64,17,brute_force+joint_state+junction_tree,True,2.44e-15,
chmm4,4,3,default,latency,ok,True,143.231,65876,True,0,141,141,1944,522,2466,19440,603,20043,0.8657,0.123,0.5179,1.0,0.1897,0.2249,64,17,brute_force+joint_state+junction_tree,True,2.44e-15,
chmm4,4,3,default,weighted:2,ok,True,156.813,65876,True,0,141,141,1944,531,2475,19440,603,20043,0.8806,0.1235,0.5268,1.0036,0.1818,0.2081,64,17,brute_force+joint_state+junction_tree,True,2.44e-15,
chmm4,4,3,default,weighted:4,ok,True,139.968,65876,True,0,141,141,1944,495,2439,19440,603,20043,0.8209,0.1217,0.4911,0.9891,0.2424,0.262,64,17,brute_force+joint_state+junction_tree,True,2.44e-15,
chmm4,4,3,default,weighted:10,ok,True,133.233,65876,True,0,141,141,1944,459,2403,19440,603,20043,0.7612,0.1199,0.4554,0.9745,0.1761,0.1869,64,17,brute_force+joint_state+junction_tree,True,2.44e-15,
