family,n,K,rank,splits,plain_cost,lowrank_cost,best_jtp,best_jtp_replaced,bp,bp_replaced,lowrank_vs_plain,lowrank_vs_best_known,uses_split,plain_s,lowrank_s,correct,max_abs_err
chain,8,8,1,7,1712,330,2304,417,1712,487,0.1928,0.7914,True,0.83,4.78,True,9.53e-15
chain,8,8,2,7,1712,912,2304,1248,1712,926,0.5327,0.9849,True,1.16,6.31,True,8.88e-15
chain,8,8,4,7,1712,1712,2304,2496,1712,1804,1.0,1.0,False,1.23,5.4,True,8.84e-15
chain,8,8,8,0,1712,1712,2304,,1712,,1.0,1.0,False,1.03,0.85,True,8.63e-15
star,8,8,1,7,1504,355,2688,579,1552,607,0.236,0.6131,True,1.65,10.44,True,4.33e-15
star,8,8,2,7,1504,960,2688,1368,1552,1006,0.6383,0.9543,True,1.9,4.97,True,9.77e-15
star,8,8,4,7,1504,1520,2688,2696,1552,1804,1.0106,0.9794,True,2.12,4.79,True,7.74e-15
star,8,8,8,0,1504,1504,2688,,1552,,1.0,0.9691,False,1.68,1.94,True,1.03e-14
random_tree,8,8,1,7,1664,331,2304,467,1664,495,0.1989,0.7088,True,1.09,11.3,True,8.27e-15
random_tree,8,8,2,7,1664,912,2304,1248,1664,926,0.5481,0.9849,True,1.66,3.28,True,4.25e-15
random_tree,8,8,4,7,1664,1664,2304,2496,1664,1788,1.0,1.0,False,1.38,2.66,True,1.18e-14
random_tree,8,8,8,0,1664,1664,2304,,1664,,1.0,1.0,False,1.12,1.27,True,1.28e-14
cycle,8,8,1,8,14912,396,15360,488,,,0.0266,0.8115,True,1.96,4.15,True,9.10e-15
cycle,8,8,2,8,14912,1680,15360,1920,,,0.1127,0.875,True,1.93,4.25,True,5.79e-15
cycle,8,8,4,8,14912,7200,15360,8192,,,0.4828,0.8789,True,1.52,4.15,True,9.83e-15
cycle,8,8,8,0,14912,14912,15360,,,,1.0,0.9708,False,1.72,2.38,True,8.51e-15
grid,8,8,1,10,14016,516,16896,610,,,0.0368,0.8459,True,3.18,6.01,True,5.83e-15
grid,8,8,2,10,14016,2712,16896,3416,,,0.1935,0.7939,True,3.09,5.67,True,1.62e-14
grid,8,8,4,10,14016,9728,16896,17248,,,0.6941,0.5758,True,2.96,4.56,True,5.05e-15
grid,8,8,8,0,14016,14016,16896,,,,1.0,0.8295,False,3.17,3.64,True,1.37e-14
chain,6,16,1,5,4672,454,6144,713,4672,677,0.0972,0.6706,True,0.17,3.23,True,4.57e-15
chain,6,16,2,5,4672,1280,6144,1728,4672,1290,0.274,0.9922,True,0.15,4.29,True,3.89e-15
chain,6,16,4,5,4672,2496,6144,3456,4672,2516,0.5342,0.9921,True,0.19,4.13,True,4.08e-15
chain,6,16,16,0,4672,4672,6144,,4672,,1.0,1.0,False,0.21,0.24,True,3.69e-15
star,6,16,1,5,4016,451,6976,753,4048,773,0.1123,0.5989,True,0.23,2.35,True,2.62e-15
star,6,16,2,5,4016,1296,6976,1824,4048,1338,0.3227,0.9686,True,0.22,3.93,True,5.23e-15
star,6,16,4,5,4016,2416,6976,3648,4048,2468,0.6016,0.9789,True,0.24,3.98,True,2.46e-15
star,6,16,16,0,4016,4016,6976,,4048,,1.0,0.9921,False,0.19,0.2,True,2.40e-15
random_tree,6,16,1,5,4448,459,6144,703,4448,693,0.1032,0.6623,True,0.16,2.98,True,2.34e-15
random_tree,6,16,2,5,4448,1280,6144,1728,4448,1290,0.2878,0.9922,True,0.22,2.69,True,3.97e-15
random_tree,6,16,4,5,4448,2464,6144,3456,4448,2484,0.554,0.9919,True,0.23,2.77,True,4.62e-15
random_tree,6,16,16,0,4448,4448,6144,,4448,,1.0,1.0,False,0.18,0.15,True,3.21e-15
cycle,6,16,1,6,67584,504,79360,574,,,0.0075,0.878,True,0.19,3.74,True,5.95e-15
cycle,6,16,2,6,67584,1920,79360,2200,,,0.0284,0.8727,True,0.22,3.96,True,2.66e-15
cycle,6,16,4,6,67584,8064,79360,9184,,,0.1193,0.878,True,0.33,3.44,True,2.69e-15
cycle,6,16,16,0,67584,67584,79360,,,,1.0,0.8516,False,0.17,0.21,True,2.29e-15
grid,6,16,1,7,71680,571,79360,644,,,0.008,0.8866,True,0.41,6.75,True,6.99e-15
grid,6,16,2,7,71680,3168,79360,3908,,,0.0442,0.8106,True,0.35,5.55,True,6.05e-15
grid,6,16,4,7,71680,16512,79360,25504,,,0.2304,0.6474,True,0.44,6.15,True,4.12e-15
grid,6,16,16,0,71680,71680,79360,,,,1.0,0.9032,False,0.48,0.42,True,5.32e-15
