family,n,K,seed,num_vars,num_factors,egraph_nodes,iterations,hit_limit,saturate_s,tree_cost,ilp_cost,ilp_optimal,ilp_s,jt_cost,opt_einsum_cost,ilp_max_intermediate,jt_max_intermediate,jt_messages_covered,bp_cost,bp_messages_covered
chain,3,2,0,3,2,21,5,False,0.023,26,26,True,0.013,28,48,4,4,1.0,26,1.0
star,3,2,0,3,2,21,5,False,0.011,26,26,True,0.009,28,48,4,4,1.0,26,1.0
random_tree,3,2,0,3,2,21,5,False,0.013,26,26,True,0.009,28,48,4,4,1.0,26,1.0
random_tree,3,2,1,3,2,21,5,False,0.011,26,26,True,0.009,28,48,4,4,1.0,26,1.0
random_tree,3,2,2,3,2,21,5,False,0.012,26,26,True,0.008,28,48,4,4,1.0,26,1.0
chain,4,2,0,4,3,101,7,False,0.015,44,44,True,0.067,52,96,4,4,1.0,44,1.0
star,4,2,0,4,3,118,7,False,0.017,44,44,True,0.195,52,96,4,4,1.0,44,1.0
random_tree,4,2,0,4,3,101,7,False,0.018,44,44,True,0.049,52,96,4,4,1.0,44,1.0
random_tree,4,2,1,4,3,101,7,False,0.019,44,44,True,0.062,52,96,4,4,1.0,44,1.0
random_tree,4,2,2,4,3,118,7,False,0.019,44,44,True,0.199,52,96,4,4,1.0,44,1.0
chain,5,2,0,5,4,426,9,False,0.029,62,62,True,1.651,76,168,4,4,1.0,62,1.0
star,5,2,0,5,4,619,9,False,0.031,64,62,True,4.45,80,160,4,4,1.0,64,1.0
random_tree,5,2,0,5,4,496,9,False,0.035,62,62,True,4.501,80,160,4,4,1.0,62,1.0
random_tree,5,2,1,5,4,496,9,False,0.045,62,62,True,4.19,72,168,4,4,1.0,62,1.0
random_tree,5,2,2,5,4,496,9,False,0.022,62,62,True,2.548,76,160,4,4,1.0,62,1.0
chain,6,2,0,6,5,1691,10,False,0.061,80,80,True,13.906,100,256,4,4,1.0,80,1.0
star,6,2,0,6,5,3156,10,False,0.076,96,80,False,60.256,112,240,4,4,1.0,86,1.0
random_tree,6,2,0,6,5,1958,10,False,0.047,80,80,True,17.948,100,248,4,4,1.0,80,1.0
random_tree,6,2,1,6,5,1958,10,False,0.052,80,80,True,20.851,100,248,4,4,1.0,80,1.0
random_tree,6,2,2,6,5,2458,10,False,0.055,82,80,True,22.443,100,240,4,4,1.0,82,1.0
chain,8,2,0,8,7,24591,12,False,0.354,116,116,False,64.937,148,468,4,4,1.0,116,1.0
star,8,2,0,8,7,56979,8,True,0.948,214,214,False,80.669,188,448,8,4,0.75,136,1.0
random_tree,8,2,0,8,7,28932,13,False,0.445,116,116,False,67.178,148,532,4,4,1.0,116,1.0
random_tree,8,2,1,8,7,33244,13,False,0.516,116,116,False,79.122,148,498,4,4,1.0,116,1.0
random_tree,8,2,2,8,7,36462,13,False,0.546,118,118,False,70.205,156,544,4,4,1.0,118,1.0
cycle,3,2,0,3,3,33,5,False,0.018,52,44,True,0.017,44,72,8,8,0.0,,
cycle,4,2,0,4,4,154,7,False,0.018,108,80,True,0.657,88,160,8,8,1.0,,
cycle,5,2,0,5,5,650,9,False,0.032,164,120,True,11.757,140,280,8,8,1.0,,
cycle,6,2,0,6,6,2594,10,False,0.066,220,156,False,60.213,192,432,8,8,0.333,,
grid,4,2,0,4,4,154,7,False,0.02,108,80,True,0.824,88,160,8,8,1.0,,
grid,6,2,0,6,7,5725,11,False,0.145,228,168,False,60.771,200,460,8,8,0.333,,
chain,3,5,0,3,2,21,5,False,0.012,155,155,True,0.009,175,750,25,25,1.0,155,1.0
star,3,5,0,3,2,21,5,False,0.011,155,155,True,0.009,175,750,25,25,1.0,155,1.0
random_tree,3,5,0,3,2,21,5,False,0.012,155,155,True,0.009,175,750,25,25,1.0,155,1.0
random_tree,3,5,1,3,2,21,5,False,0.011,155,155,True,0.009,175,750,25,25,1.0,155,1.0
random_tree,3,5,2,3,2,21,5,False,0.011,155,155,True,0.009,175,750,25,25,1.0,155,1.0
chain,4,5,0,4,3,101,7,False,0.021,260,260,True,0.02,325,1200,25,25,1.0,260,1.0
star,4,5,0,4,3,118,7,False,0.018,245,245,True,0.033,325,1200,25,25,1.0,245,1.0
random_tree,4,5,0,4,3,101,7,False,0.016,260,260,True,0.016,325,1200,25,25,1.0,260,1.0
random_tree,4,5,1,4,3,101,7,False,0.017,260,260,True,0.025,325,1200,25,25,1.0,260,1.0
random_tree,4,5,2,4,3,118,7,False,0.019,245,245,True,0.034,325,1200,25,25,1.0,245,1.0
chain,5,5,0,5,4,426,9,False,0.025,365,365,True,0.055,475,1950,25,25,1.0,365,1.0
star,5,5,0,5,4,619,9,False,0.024,340,335,True,0.87,500,1750,25,25,1.0,340,1.0
random_tree,5,5,0,5,4,496,9,False,0.025,350,350,True,0.08,500,1750,25,25,1.0,350,1.0
random_tree,5,5,1,5,4,496,9,False,0.025,350,350,True,0.079,450,1950,25,25,1.0,350,1.0
random_tree,5,5,2,5,4,496,9,False,0.026,350,350,True,0.108,475,1750,25,25,1.0,350,1.0
chain,6,5,0,6,5,1691,10,False,0.062,470,470,True,0.31,625,2800,25,25,1.0,470,1.0
star,6,5,0,6,5,3156,10,False,0.059,465,425,True,12.026,700,2400,25,25,1.0,440,1.0
random_tree,6,5,0,6,5,1958,10,False,0.049,455,455,True,0.407,625,2600,25,25,1.0,455,1.0
random_tree,6,5,1,6,5,1958,10,False,0.051,455,455,True,0.338,625,2600,25,25,1.0,455,1.0
random_tree,6,5,2,6,5,2458,10,False,0.049,445,440,True,3.462,625,2400,25,25,1.0,445,1.0
chain,8,5,0,8,7,24591,12,False,0.431,680,680,True,9.802,925,4710,25,25,1.0,680,1.0
star,8,5,0,8,7,56979,8,True,1.092,1795,1395,False,85.717,1175,4000,125,25,0.583,655,1.0
random_tree,8,5,0,8,7,28932,13,False,0.518,665,665,True,10.289,925,6100,25,25,1.0,665,1.0
random_tree,8,5,1,8,7,33244,13,False,0.503,650,650,True,13.16,925,5330,25,25,1.0,650,1.0
random_tree,8,5,2,8,7,36462,13,False,0.566,655,650,True,40.243,975,5975,25,25,1.0,655,1.0
cycle,3,5,0,3,3,33,5,False,0.016,625,575,True,0.016,575,900,125,125,0.0,,
cycle,4,5,0,4,4,154,7,False,0.019,1425,1100,True,0.796,1225,2200,125,125,1.0,,
cycle,5,5,0,5,5,650,9,False,0.037,2225,1650,True,13.365,2000,4000,125,125,0.0,,
cycle,6,5,0,6,6,2594,10,False,0.071,3025,2175,False,60.351,2775,6300,125,125,0.333,,
grid,4,5,0,4,4,154,7,False,0.025,1425,1100,True,0.771,1225,2200,125,125,0.0,,
grid,6,5,0,6,7,5725,11,False,0.09,3075,2225,False,60.493,2900,6450,125,125,0.667,,
