config,family,n,seed,K,num_vars,num_factors,rules,cluster_budget,seed_jt,extractor,status,wall,wall_reason,hit_limit,saturate_s,extract_s,total_s,egraph_nodes,max_cluster_nodes,num_clusters,max_cluster_vars,cost,optimal,jt_cost,cost_vs_jt,bp_cost,cost_vs_bp,base_cost,cost_vs_base,correct,checked_against,max_abs_err,error
base,chain,4,0,3,4,3,full,,False,ilp,ok,False,,False,0.027,0.037,0.064,101,101,1,4,96,True,117,0.8205,96,1.0,,,True,brute_force,1.11e-16,
base,star,4,0,3,4,3,full,,False,ilp,ok,False,,False,0.023,0.031,0.054,118,118,1,4,93,True,117,0.7949,93,1.0,,,True,brute_force,1.11e-16,
base,random_tree,4,0,3,4,3,full,,False,ilp,ok,False,,False,0.026,0.038,0.065,101,101,1,4,96,True,117,0.8205,96,1.0,,,True,brute_force,1.67e-16,
base,random_tree,4,1,3,4,3,full,,False,ilp,ok,False,,False,0.025,0.032,0.057,101,101,1,4,96,True,117,0.8205,96,1.0,,,True,brute_force,1.11e-16,
base,chain,6,0,3,6,5,full,,False,ilp,ok,False,,False,0.065,2.551,2.618,1691,1691,1,6,174,True,225,0.7733,174,1.0,,,True,brute_force,1.11e-16,
base,random_tree,6,0,3,6,5,full,,False,ilp,ok,False,,False,0.047,4.034,4.083,1958,1958,1,6,171,True,225,0.76,171,1.0,,,True,brute_force,1.67e-16,
base,random_tree,6,1,3,6,5,full,,False,ilp,ok,False,,False,0.049,3.917,3.967,1958,1958,1,6,171,True,225,0.76,171,1.0,,,True,brute_force,1.67e-16,
base,star,6,0,3,6,5,full,,False,ilp,ok,False,,False,0.071,21.929,22.004,3156,3156,1,6,165,True,252,0.6548,174,0.9483,,,True,brute_force,1.67e-16,
base,chain,8,0,3,8,7,full,,False,ilp,ok,False,,False,0.478,34.185,34.674,24591,24591,1,8,252,True,333,0.7568,252,1.0,,,True,brute_force,7.77e-16,
base,star,8,0,3,8,7,full,,False,ilp,ok,True,node_limit,True,0.745,80.579,81.358,56979,56979,1,8,405,False,423,0.9574,267,1.5169,,,True,brute_force,7.77e-16,
base,cycle,4,0,3,4,4,full,,False,ilp,ok,False,,False,0.03,0.798,0.829,154,154,1,4,252,True,279,0.9032,,,,,True,brute_force,1.11e-16,
base,random_tree,8,0,3,8,7,full,,False,ilp,ok,False,,False,0.466,38.854,39.333,28932,28932,1,8,249,True,333,0.7477,249,1.0,,,True,brute_force,7.77e-16,
base,random_tree,8,1,3,8,7,full,,False,ilp,ok,False,,False,0.629,62.929,63.578,33244,33244,1,8,246,True,333,0.7387,246,1.0,,,True,brute_force,7.22e-16,
base,cycle,6,0,3,6,6,full,,False,ilp,ok,False,,False,0.067,60.178,60.247,2594,2594,1,6,495,False,621,0.7971,,,,,True,brute_force,1.67e-16,
base,chain,12,0,3,12,11,full,,False,ilp,ok,True,time+node_limit,True,1.253,133.662,134.967,106345,106345,1,12,181089,False,540,335.35,408,443.8456,,,True,brute_force,5.33e-15,
base,grid2,4,0,3,4,4,full,,False,ilp,ok,False,,False,0.027,0.691,0.719,154,154,1,4,252,True,279,0.9032,,,,,True,brute_force,1.67e-16,
base,grid2,6,0,3,6,7,full,,False,ilp,ok,False,,False,0.113,60.467,60.584,5725,5725,1,6,513,False,648,0.7917,,,,,True,brute_force,2.22e-16,
base,cycle,8,0,3,8,8,full,,False,ilp,ok,False,,False,0.59,71.172,71.782,38102,38102,1,8,873,False,963,0.9065,,,,,True,brute_force,7.77e-16,
base,grid2,8,0,3,8,10,full,,False,ilp,ok,True,node_limit,True,1.246,107.73,109.039,86191,86191,1,8,3906,False,1017,3.8407,,,,,True,brute_force,7.77e-16,
base,cycle,12,0,3,,,full,,False,ilp,timeout,True,time,,,,>120,,,,,,,,,,,,,,,,
base,random_sparse,4,0,3,4,4,full,,False,ilp,ok,False,,False,0.02,0.767,0.787,186,186,1,4,183,True,225,0.8133,,,,,True,brute_force,1.67e-16,
base,random_sparse,4,1,3,4,4,full,,False,ilp,ok,False,,False,0.027,0.698,0.725,186,186,1,4,183,True,225,0.8133,,,,,True,brute_force,1.11e-16,
base,random_tree,12,0,3,12,11,full,,False,ilp,ok,True,time+node_limit,True,1.425,134.377,135.868,111675,111675,1,12,172989,False,549,315.0984,405,427.1333,,,True,brute_force,3.22e-15,
base,random_tree,12,1,3,12,11,full,,False,ilp,ok,True,time+node_limit,True,1.376,140.195,141.632,111925,111925,1,12,173412,False,531,326.5763,399,434.6165,,,True,brute_force,3.89e-15,
R=no_reverse,chain,4,0,3,4,3,no_reverse,,False,ilp,ok,False,,False,0.038,0.087,0.126,101,101,1,4,96,True,117,0.8205,96,1.0,,,True,brute_force,1.11e-16,
R=no_reverse,chain,6,0,3,6,5,no_reverse,,False,ilp,ok,False,,False,0.05,2.724,2.777,1691,1691,1,6,174,True,225,0.7733,174,1.0,,,True,brute_force,1.11e-16,
base,grid3,6,0,3,6,7,full,,False,ilp,ok,False,,False,0.147,60.551,60.703,5725,5725,1,6,513,False,648,0.7917,,,,,True,brute_force,5.00e-16,
R=no_reverse,chain,8,0,3,8,7,no_reverse,,False,ilp,ok,False,,False,0.393,27.721,28.125,24591,24591,1,8,252,True,333,0.7568,252,1.0,,,True,brute_force,7.77e-16,
base,random_sparse,6,0,3,6,6,full,,False,ilp,ok,False,,False,0.064,55.275,55.342,3582,3582,1,6,348,True,459,0.7582,,,,,True,brute_force,3.33e-16,
base,random_sparse,6,1,3,6,6,full,,False,ilp,ok,False,,False,0.082,20.765,20.849,3629,3629,1,6,258,True,324,0.7963,,,,,True,brute_force,1.67e-16,
base,grid3,9,0,3,,,full,,False,ilp,timeout,True,time,,,,>120,,,,,,,,,,,,,,,,
R=no_reverse,chain,12,0,3,12,11,no_reverse,,False,ilp,ok,True,time+node_limit,True,1.329,130.056,131.439,106345,106345,1,12,181089,False,540,335.35,408,443.8456,,,True,brute_force,5.33e-15,
R=no_reverse,star,4,0,3,4,3,no_reverse,,False,ilp,ok,False,,False,0.024,0.032,0.056,118,118,1,4,93,True,117,0.7949,93,1.0,,,True,brute_force,1.11e-16,
R=no_reverse,random_tree,4,0,3,4,3,no_reverse,,False,ilp,ok,False,,False,0.023,0.034,0.058,101,101,1,4,96,True,117,0.8205,96,1.0,,,True,brute_force,1.67e-16,
R=no_reverse,random_tree,4,1,3,4,3,no_reverse,,False,ilp,ok,False,,False,0.034,0.054,0.089,101,101,1,4,96,True,117,0.8205,96,1.0,,,True,brute_force,1.11e-16,
R=no_reverse,random_tree,6,0,3,6,5,no_reverse,,False,ilp,ok,False,,False,0.078,4.115,4.195,1958,1958,1,6,171,True,225,0.76,171,1.0,,,True,brute_force,1.67e-16,
R=no_reverse,random_tree,6,1,3,6,5,no_reverse,,False,ilp,ok,False,,False,0.041,3.693,3.736,1958,1958,1,6,171,True,225,0.76,171,1.0,,,True,brute_force,1.67e-16,
R=no_reverse,star,6,0,3,6,5,no_reverse,,False,ilp,ok,False,,False,0.052,21.384,21.439,3156,3156,1,6,165,True,252,0.6548,174,0.9483,,,True,brute_force,1.67e-16,
base,random_sparse,8,0,3,8,9,full,,False,ilp,ok,True,node_limit,True,0.629,78.444,79.099,50765,50765,1,8,2673,False,675,3.96,,,,,True,brute_force,5.55e-16,
base,random_sparse,8,1,3,8,9,full,,False,ilp,ok,True,node_limit,True,0.739,79.965,80.739,53342,53342,1,8,3132,False,801,3.9101,,,,,True,brute_force,6.66e-16,
R=no_reverse,cycle,4,0,3,4,4,no_reverse,,False,ilp,ok,False,,False,0.024,0.875,0.899,154,154,1,4,252,True,279,0.9032,,,,,True,brute_force,1.11e-16,
R=no_reverse,star,8,0,3,8,7,no_reverse,,False,ilp,ok,True,node_limit,True,1.075,80.373,81.481,56979,56979,1,8,405,False,423,0.9574,267,1.5169,,,True,brute_force,7.77e-16,
R=no_reverse,grid2,4,0,3,4,4,no_reverse,,False,ilp,ok,False,,False,0.023,0.657,0.681,154,154,1,4,252,True,279,0.9032,,,,,True,brute_force,1.67e-16,
R=no_reverse,random_tree,8,0,3,8,7,no_reverse,,False,ilp,ok,False,,False,0.463,38.33,38.809,28932,28932,1,8,249,True,333,0.7477,249,1.0,,,True,brute_force,7.77e-16,
R=no_reverse,random_tree,8,1,3,8,7,no_reverse,,False,ilp,ok,False,,False,0.522,58.284,58.825,33244,33244,1,8,246,True,333,0.7387,246,1.0,,,True,brute_force,7.22e-16,
R=no_reverse,cycle,6,0,3,6,6,no_reverse,,False,ilp,ok,False,,False,0.098,60.358,60.458,2594,2594,1,6,495,False,621,0.7971,,,,,True,brute_force,1.67e-16,
R=no_reverse,grid2,6,0,3,6,7,no_reverse,,False,ilp,ok,False,,False,0.113,60.632,60.75,5725,5725,1,6,513,False,648,0.7917,,,,,True,brute_force,2.22e-16,
R=no_reverse,cycle,8,0,3,8,8,no_reverse,,False,ilp,ok,False,,False,0.832,72.065,72.922,38102,38102,1,8,864,False,963,0.8972,,,,,True,brute_force,7.77e-16,
R=no_reverse,grid2,8,0,3,8,10,no_reverse,,False,ilp,ok,True,node_limit,True,1.502,109.491,111.035,86255,86255,1,8,3906,False,1017,3.8407,,,,,True,brute_force,7.77e-16,
R=no_reverse,grid3,6,0,3,6,7,no_reverse,,False,ilp,ok,False,,False,0.12,60.59,60.714,5725,5725,1,6,513,False,648,0.7917,,,,,True,brute_force,5.00e-16,
R=no_reverse,cycle,12,0,3,,,no_reverse,,False,ilp,timeout,True,time,,,,>120,,,,,,,,,,,,,,,,
R=no_reverse,random_sparse,4,0,3,4,4,no_reverse,,False,ilp,ok,False,,False,0.025,0.926,0.952,186,186,1,4,183,True,225,0.8133,,,,,True,brute_force,1.67e-16,
R=no_reverse,random_sparse,4,1,3,4,4,no_reverse,,False,ilp,ok,False,,False,0.02,0.662,0.682,186,186,1,4,183,True,225,0.8133,,,,,True,brute_force,1.11e-16,
R=no_reverse,random_tree,12,0,3,12,11,no_reverse,,False,ilp,ok,True,time+node_limit,True,1.4,136.691,138.152,111675,111675,1,12,172989,False,549,315.0984,405,427.1333,,,True,brute_force,3.22e-15,
R=no_reverse,random_tree,12,1,3,12,11,no_reverse,,False,ilp,ok,True,time+node_limit,True,1.877,135.968,137.923,111925,111925,1,12,173412,False,531,326.5763,399,434.6165,,,True,brute_force,3.89e-15,
R=minimal,chain,4,0,3,4,3,minimal,,False,ilp,ok,False,,False,0.023,0.035,0.058,101,101,1,4,96,True,117,0.8205,96,1.0,,,True,brute_force,1.11e-16,
R=minimal,chain,6,0,3,6,5,minimal,,False,ilp,ok,False,,False,0.05,2.781,2.832,1691,1691,1,6,174,True,225,0.7733,174,1.0,,,True,brute_force,1.11e-16,
R=minimal,chain,8,0,3,8,7,minimal,,False,ilp,ok,False,,False,0.339,32.99,33.342,24591,24591,1,8,252,True,333,0.7568,252,1.0,,,True,brute_force,7.77e-16,
R=no_reverse,random_sparse,6,0,3,6,6,no_reverse,,False,ilp,ok,False,,False,0.057,60.327,60.387,3582,3582,1,6,348,False,459,0.7582,,,,,True,brute_force,3.33e-16,
R=no_reverse,random_sparse,6,1,3,6,6,no_reverse,,False,ilp,ok,False,,False,0.078,21.029,21.109,3629,3629,1,6,258,True,324,0.7963,,,,,True,brute_force,1.67e-16,
R=no_reverse,grid3,9,0,3,,,no_reverse,,False,ilp,timeout,True,time,,,,>120,,,,,,,,,,,,,,,,
R=minimal,star,4,0,3,4,3,minimal,,False,ilp,ok,False,,False,0.023,0.036,0.059,118,118,1,4,93,True,117,0.7949,93,1.0,,,True,brute_force,1.11e-16,
R=minimal,star,6,0,3,6,5,minimal,,False,ilp,ok,False,,False,0.062,19.999,20.064,3156,3156,1,6,165,True,252,0.6548,174,0.9483,,,True,brute_force,1.11e-16,
R=minimal,chain,12,0,3,,,minimal,,False,ilp,timeout,True,time,,,,>120,,,,,,,,,,,,,,,,
R=minimal,random_tree,4,0,3,4,3,minimal,,False,ilp,ok,False,,False,0.023,0.102,0.125,101,101,1,4,96,True,117,0.8205,96,1.0,,,True,brute_force,1.67e-16,
R=minimal,random_tree,4,1,3,4,3,minimal,,False,ilp,ok,False,,False,0.035,0.087,0.123,101,101,1,4,96,True,117,0.8205,96,1.0,,,True,brute_force,1.11e-16,
R=minimal,random_tree,6,0,3,6,5,minimal,,False,ilp,ok,False,,False,0.053,2.918,2.973,1958,1958,1,6,171,True,225,0.76,171,1.0,,,True,brute_force,1.67e-16,
R=minimal,random_tree,6,1,3,6,5,minimal,,False,ilp,ok,False,,False,0.057,3.139,3.197,1958,1958,1,6,171,True,225,0.76,171,1.0,,,True,brute_force,1.67e-16,
R=minimal,star,8,0,3,8,7,minimal,,False,ilp,ok,True,node_limit,True,0.934,79.311,80.269,52695,52695,1,8,405,False,423,0.9574,267,1.5169,,,True,brute_force,7.77e-16,
R=minimal,cycle,4,0,3,4,4,minimal,,False,ilp,ok,False,,False,0.027,0.717,0.745,154,154,1,4,252,True,279,0.9032,,,,,True,brute_force,1.11e-16,
R=no_reverse,random_sparse,8,0,3,8,9,no_reverse,,False,ilp,ok,True,node_limit,True,0.645,78.176,78.85,50825,50825,1,8,3330,False,675,4.9333,,,,,True,brute_force,5.55e-16,
R=no_reverse,random_sparse,8,1,3,8,9,no_reverse,,False,ilp,ok,True,node_limit,True,0.862,84.022,84.913,53356,53356,1,8,2088,False,801,2.6067,,,,,True,brute_force,6.66e-16,
R=minimal,grid2,4,0,3,4,4,minimal,,False,ilp,ok,False,,False,0.027,0.912,0.94,154,154,1,4,252,True,279,0.9032,,,,,True,brute_force,1.67e-16,
R=minimal,cycle,6,0,3,6,6,minimal,,False,ilp,ok,False,,False,0.066,60.198,60.267,2594,2594,1,6,495,False,621,0.7971,,,,,True,brute_force,1.67e-16,
R=minimal,grid2,6,0,3,6,7,minimal,,False,ilp,ok,False,,False,0.107,60.524,60.634,5725,5725,1,6,513,False,648,0.7917,,,,,True,brute_force,2.22e-16,
R=minimal,random_tree,8,0,3,8,7,minimal,,False,ilp,ok,False,,False,0.412,41.203,41.628,28932,28932,1,8,249,True,333,0.7477,249,1.0,,,True,brute_force,7.77e-16,
R=minimal,random_tree,8,1,3,8,7,minimal,,False,ilp,ok,False,,False,0.516,59.152,59.688,33244,33244,1,8,246,True,333,0.7387,246,1.0,,,True,brute_force,7.22e-16,
R=minimal,cycle,8,0,3,8,8,minimal,,False,ilp,ok,False,,False,0.592,70.703,71.317,38102,38102,1,8,756,False,963,0.785,,,,,True,brute_force,8.33e-16,
R=minimal,grid2,8,0,3,8,10,minimal,,False,ilp,ok,True,node_limit,True,0.695,81.754,82.481,57077,57077,1,8,2421,False,1017,2.3805,,,,,True,brute_force,8.88e-16,
R=minimal,grid3,6,0,3,6,7,minimal,,False,ilp,ok,False,,False,0.147,60.47,60.621,5725,5725,1,6,513,False,648,0.7917,,,,,True,brute_force,4.44e-16,
R=minimal,cycle,12,0,3,12,12,minimal,,False,ilp,ok,True,node_limit,True,0.92,91.641,92.602,58898,58898,1,12,321678,False,1620,198.5667,,,,,True,brute_force,3.72e-15,
R=minimal,random_sparse,4,0,3,4,4,minimal,,False,ilp,ok,False,,False,0.021,0.591,0.613,186,186,1,4,183,True,225,0.8133,,,,,True,brute_force,1.67e-16,
R=minimal,random_sparse,4,1,3,4,4,minimal,,False,ilp,ok,False,,False,0.026,0.769,0.796,186,186,1,4,183,True,225,0.8133,,,,,True,brute_force,1.11e-16,
R=minimal,random_sparse,6,0,3,6,6,minimal,,False,ilp,ok,False,,False,0.079,60.37,60.452,3582,3582,1,6,348,False,459,0.7582,,,,,True,brute_force,4.44e-16,
R=minimal,random_sparse,6,1,3,6,6,minimal,,False,ilp,ok,False,,False,0.073,18.559,18.635,3629,3629,1,6,258,True,324,0.7963,,,,,True,brute_force,1.67e-16,
R=minimal,grid3,9,0,3,,,minimal,,False,ilp,timeout,True,time,,,,>120,,,,,,,,,,,,,,,,
D=3,chain,4,0,3,4,3,full,3,False,ilp,ok,False,,False,0.039,0.019,0.059,58,50,2,3,96,True,117,0.8205,96,1.0,,,True,brute_force,1.11e-16,
D=3,chain,6,0,3,6,5,full,3,False,ilp,ok,False,,False,0.085,0.048,0.135,173,111,3,3,174,True,225,0.7733,174,1.0,,,True,brute_force,1.11e-16,
D=3,chain,8,0,3,8,7,full,3,False,ilp,ok,False,,False,0.086,0.054,0.141,292,113,4,3,252,True,333,0.7568,252,1.0,,,True,brute_force,7.77e-16,
D=3,chain,12,0,3,12,11,full,3,False,ilp,ok,False,,False,0.162,0.097,0.261,486,117,6,3,408,True,540,0.7556,408,1.0,,,True,brute_force,5.33e-15,
D=3,chain,16,0,3,16,15,full,3,False,ilp,ok,False,,False,0.19,0.111,0.304,752,121,8,3,564,True,756,0.746,564,1.0,,,True,junction_tree,1.11e-16,
D=3,chain,24,0,3,24,23,full,3,False,ilp,ok,False,,False,0.374,0.198,0.577,1332,129,12,3,876,True,1188,0.7374,876,1.0,,,True,junction_tree,1.67e-16,
D=3,chain,32,0,3,32,31,full,3,False,ilp,ok,False,,False,0.659,0.289,0.955,1976,137,16,3,1188,True,1620,0.7333,1188,1.0,,,True,junction_tree,1.11e-16,
D=3,chain,48,0,3,48,47,full,3,False,ilp,ok,False,,False,1.441,0.488,1.94,3456,153,24,3,1812,True,2484,0.7295,1812,1.0,,,True,junction_tree,1.11e-16,
D=3,chain,64,0,3,64,63,full,3,False,ilp,ok,False,,False,1.497,0.467,1.98,5192,169,32,3,2436,True,3348,0.7276,2436,1.0,,,True,junction_tree,1.11e-16,
D=3,star,4,0,3,4,3,full,3,False,ilp,ok,False,,False,0.031,0.017,0.049,69,61,2,3,93,True,117,0.7949,93,1.0,,,True,brute_force,1.11e-16,
D=3,star,6,0,3,6,5,full,3,False,ilp,ok,False,,False,0.069,3.086,3.156,623,593,4,3,165,True,252,0.6548,174,0.9483,,,True,brute_force,1.67e-16,
R=minimal,random_tree,12,0,3,,,minimal,,False,ilp,timeout,True,time,,,,>120,,,,,,,,,,,,,,,,
R=minimal,random_tree,12,1,3,,,minimal,,False,ilp,timeout,True,time,,,,>120,,,,,,,,,,,,,,,,
D=3,random_tree,4,0,3,4,3,full,3,False,ilp,ok,False,,False,0.032,0.013,0.045,58,50,2,3,96,True,117,0.8205,96,1.0,,,True,brute_force,1.67e-16,
D=3,random_tree,4,1,3,4,3,full,3,False,ilp,ok,False,,False,0.035,0.016,0.051,58,50,2,3,96,True,117,0.8205,96,1.0,,,True,brute_force,1.11e-16,
D=3,random_tree,6,0,3,6,5,full,3,False,ilp,ok,False,,False,0.065,0.067,0.133,184,111,3,3,171,True,225,0.76,171,1.0,,,True,brute_force,1.67e-16,
D=3,random_tree,6,1,3,6,5,full,3,False,ilp,ok,False,,False,0.058,0.046,0.106,184,111,3,3,171,True,225,0.76,171,1.0,,,True,brute_force,1.67e-16,
D=3,random_tree,8,0,3,8,7,full,3,False,ilp,ok,False,,False,0.085,0.075,0.162,432,316,4,3,249,True,333,0.7477,249,1.0,,,True,brute_force,7.77e-16,
D=3,random_tree,8,1,3,8,7,full,3,False,ilp,ok,False,,False,0.097,0.083,0.181,443,316,4,3,246,True,333,0.7387,246,1.0,,,True,brute_force,7.22e-16,
D=3,random_tree,12,0,3,12,11,full,3,False,ilp,ok,False,,False,0.16,7.453,7.616,1621,1337,7,3,396,True,549,0.7213,405,0.9778,,,True,brute_force,3.22e-15,
D=3,random_tree,12,1,3,12,11,full,3,False,ilp,ok,False,,False,0.187,0.443,0.633,863,434,8,3,393,True,531,0.7401,399,0.985,,,True,brute_force,3.94e-15,
D=3,random_tree,16,0,3,16,15,full,3,False,ilp,ok,False,,False,0.247,6.897,7.148,1887,1341,9,3,549,True,756,0.7262,558,0.9839,,,True,junction_tree,1.11e-16,
D=3,random_tree,16,1,3,16,15,full,3,False,ilp,ok,False,,False,0.3,7.559,7.865,1970,1341,10,3,543,True,765,0.7098,558,0.9731,,,True,junction_tree,1.11e-16,
D=3,star,8,0,3,8,7,full,3,False,ilp,ok,False,,False,0.192,60.461,60.657,5769,5709,6,3,237,False,423,0.5603,267,0.8876,,,True,brute_force,8.88e-16,
D=3,random_tree,24,0,3,24,23,full,3,False,ilp,ok,False,,False,0.523,13.664,14.198,3750,1401,15,3,843,True,1224,0.6887,861,0.9791,,,True,junction_tree,1.67e-16,
D=3,random_tree,24,1,3,24,23,full,3,False,ilp,ok,False,,False,0.387,30.962,31.355,3293,1866,14,3,849,True,1224,0.6936,873,0.9725,,,True,junction_tree,1.11e-16,
R=minimal,random_sparse,8,0,3,8,9,minimal,,False,ilp,ok,True,node_limit,True,0.7,94.777,95.517,69062,69062,1,8,1782,False,675,2.64,,,,,True,brute_force,5.55e-16,
R=minimal,random_sparse,8,1,3,8,9,minimal,,False,ilp,ok,True,node_limit,True,1.121,99.122,100.298,74694,74694,1,8,1818,False,801,2.2697,,,,,True,brute_force,6.66e-16,
D=3,cycle,4,0,3,4,4,full,3,False,ilp,ok,False,,False,0.043,0.031,0.074,63,35,2,3,261,True,279,0.9355,,,,,True,brute_force,1.11e-16,
D=3,cycle,6,0,3,6,6,full,3,False,ilp,ok,False,,False,0.085,0.047,0.133,129,37,4,3,513,True,621,0.8261,,,,,True,brute_force,2.22e-16,
D=3,cycle,8,0,3,8,8,full,3,False,ilp,ok,False,,False,0.088,0.063,0.151,203,39,6,3,765,True,963,0.7944,,,,,True,brute_force,7.77e-16,
D=3,cycle,12,0,3,12,12,full,3,False,ilp,ok,False,,False,0.223,0.106,0.332,366,43,10,3,1305,True,1620,0.8056,,,,,True,brute_force,3.66e-15,
D=3,cycle,16,0,3,16,16,full,3,False,ilp,ok,False,,False,0.256,0.108,0.367,555,47,14,3,1809,True,2250,0.804,,,,,True,junction_tree,1.11e-16,
D=3,cycle,24,0,3,24,24,full,3,False,ilp,ok,False,,False,0.635,0.215,0.856,1059,55,22,3,2817,True,3618,0.7786,,,,,True,junction_tree,1.11e-16,
D=3,cycle,32,0,3,32,32,full,3,False,ilp,ok,False,,False,1.189,0.329,1.529,1691,63,30,3,3825,True,4986,0.7671,,,,,True,junction_tree,1.11e-16,
D=3,cycle,48,0,3,48,48,full,3,False,ilp,ok,False,,False,2.159,0.514,2.69,3339,79,46,3,5841,True,7722,0.7564,,,,,True,junction_tree,1.11e-16,
D=3,cycle,64,0,3,64,64,full,3,False,ilp,ok,False,,False,3.395,0.657,4.076,5499,95,62,3,7857,True,10458,0.7513,,,,,True,junction_tree,1.67e-16,
D=3,grid2,4,0,3,4,4,full,3,False,ilp,ok,False,,False,0.033,0.023,0.057,63,35,2,3,261,True,279,0.9355,,,,,True,brute_force,1.67e-16,
D=3,grid2,6,0,3,6,7,full,3,False,ilp,ok,False,,False,0.078,0.05,0.13,181,80,4,3,531,True,648,0.8194,,,,,True,brute_force,2.22e-16,
D=3,grid2,8,0,3,8,10,full,3,False,ilp,ok,False,,False,0.124,0.077,0.202,311,83,6,3,801,True,1017,0.7876,,,,,True,brute_force,7.77e-16,
D=3,grid2,12,0,3,12,16,full,3,False,ilp,ok,False,,False,0.274,0.125,0.402,580,89,10,3,1332,True,1674,0.7957,,,,,True,brute_force,6.66e-15,
D=3,grid2,16,0,3,16,22,full,3,False,ilp,ok,False,,False,0.424,0.186,0.613,951,95,14,3,1881,True,2493,0.7545,,,,,True,junction_tree,1.11e-16,
D=3,grid2,24,0,3,24,34,full,3,False,ilp,ok,False,,False,0.786,0.276,1.069,1756,107,22,3,2952,True,3888,0.7593,,,,,True,junction_tree,1.11e-16,
D=3,grid2,32,0,3,32,46,full,3,False,ilp,ok,False,,False,1.394,0.376,1.78,2780,119,30,3,4032,True,5364,0.7517,,,,,True,junction_tree,1.11e-16,
D=3,grid2,48,0,3,48,70,full,3,False,ilp,ok,False,,False,3.017,0.682,3.72,5404,143,46,3,6192,True,8316,0.7446,,,,,True,junction_tree,1.67e-16,
D=3,random_tree,32,0,3,32,31,full,3,False,ilp,ok,False,,False,0.831,38.322,39.167,5559,1874,20,3,1137,True,1701,0.6684,1176,0.9668,,,True,junction_tree,1.67e-16,
D=3,random_tree,32,1,3,32,31,full,3,False,ilp,ok,False,,False,0.712,24.09,24.812,4401,1874,19,3,1149,True,1665,0.6901,1176,0.977,,,True,junction_tree,1.11e-16,
D=3,grid2,64,0,3,64,94,full,3,False,ilp,ok,False,,False,5.295,1.031,6.36,8796,167,62,3,8352,True,11268,0.7412,,,,,True,junction_tree,2.78e-16,
D=3,grid3,6,0,3,6,7,full,3,False,ilp,ok,False,,False,0.076,0.112,0.189,181,80,4,3,531,True,648,0.8194,,,,,True,brute_force,4.44e-16,
D=3,grid3,9,0,3,9,12,full,3,False,ilp,ok,False,,False,0.152,1.071,1.225,1013,787,6,4,1575,True,2241,0.7028,,,,,True,brute_force,7.77e-16,
D=3,grid3,12,0,3,12,17,full,3,False,ilp,ok,False,,False,0.246,2.362,2.611,1847,792,9,4,2718,True,3591,0.7569,,,,,True,brute_force,5.05e-15,
D=3,grid3,15,0,3,15,22,full,3,False,ilp,ok,False,,False,0.329,3.037,3.373,2202,797,12,4,3933,True,5184,0.7587,,,,,True,junction_tree,1.11e-16,
D=3,grid3,24,0,3,24,37,full,3,False,ilp,ok,False,,False,0.944,2.574,3.527,3447,812,21,4,7578,True,10071,0.7525,,,,,True,junction_tree,1.11e-16,
D=3,grid3,33,0,3,33,52,full,3,False,ilp,ok,False,,False,1.92,2.604,4.541,4962,827,30,4,11223,True,14958,0.7503,,,,,True,junction_tree,1.11e-16,
D=3,grid3,48,0,3,48,77,full,3,False,ilp,ok,False,,False,2.978,2.735,5.739,8087,852,45,4,17298,True,23058,0.7502,,,,,True,junction_tree,1.67e-16,
D=3,grid3,63,0,3,63,102,full,3,False,ilp,ok,False,,False,5.16,5.252,10.46,11962,877,60,4,23373,True,31158,0.7501,,,,,True,junction_tree,1.67e-16,
D=3,random_sparse,4,0,3,4,4,full,3,False,ilp,ok,False,,False,0.038,0.178,0.216,106,97,2,3,183,True,225,0.8133,,,,,True,brute_force,1.67e-16,
D=3,random_sparse,4,1,3,4,4,full,3,False,ilp,ok,False,,False,0.032,0.209,0.242,106,97,2,3,183,True,225,0.8133,,,,,True,brute_force,1.11e-16,
D=3,random_sparse,6,0,3,6,6,full,3,False,ilp,ok,False,,False,0.084,0.052,0.137,165,96,4,3,357,True,459,0.7778,,,,,True,brute_force,4.44e-16,
D=3,random_sparse,6,1,3,6,6,full,3,False,ilp,ok,False,,False,0.068,0.228,0.297,177,99,3,3,258,True,324,0.7963,,,,,True,brute_force,1.67e-16,
D=3,random_sparse,8,0,3,8,9,full,3,False,ilp,ok,False,,False,0.101,2.378,2.481,620,279,4,3,444,True,675,0.6578,,,,,True,brute_force,5.55e-16,
D=3,random_sparse,8,1,3,8,9,full,3,False,ilp,ok,False,,False,0.133,4.598,4.733,925,802,6,3,549,True,801,0.6854,,,,,True,brute_force,6.66e-16,
D=3,random_sparse,12,0,3,12,14,full,3,False,ilp,ok,False,,False,0.28,3.707,3.991,1215,709,9,3,1053,True,1449,0.7267,,,,,True,brute_force,5.05e-15,
D=3,random_sparse,12,1,3,12,14,full,3,False,ilp,ok,False,,False,0.272,0.157,0.432,495,104,9,3,1041,True,1359,0.766,,,,,True,brute_force,3.55e-15,
D=3,star,12,0,3,,,full,3,False,ilp,timeout,True,time,,,,>120,,,,,,,,,,,,,,,,
D=5,chain,4,0,3,4,3,full,5,False,ilp,ok,False,,False,0.023,0.037,0.061,101,101,1,4,96,True,117,0.8205,96,1.0,,,True,brute_force,1.11e-16,
D=5,chain,6,0,3,6,5,full,5,False,ilp,ok,False,,False,0.045,0.053,0.099,270,218,2,4,174,True,225,0.7733,174,1.0,,,True,brute_force,1.11e-16,
D=5,chain,8,0,3,8,7,full,5,False,ilp,ok,False,,False,0.078,0.351,0.431,1135,915,2,5,252,True,333,0.7568,252,1.0,,,True,brute_force,7.77e-16,
D=5,chain,12,0,3,12,11,full,5,False,ilp,ok,False,,False,0.149,0.97,1.123,3101,1953,3,5,408,True,540,0.7556,408,1.0,,,True,brute_force,5.33e-15,
D=5,chain,16,0,3,16,15,full,5,False,ilp,ok,False,,False,0.211,1.241,1.459,4295,1957,4,5,564,True,756,0.746,564,1.0,,,True,junction_tree,1.11e-16,
D=5,chain,24,0,3,24,23,full,5,False,ilp,ok,False,,False,0.34,1.741,2.09,8287,1980,6,5,876,True,1188,0.7374,876,1.0,,,True,junction_tree,1.67e-16,
D=5,chain,32,0,3,32,31,full,5,False,ilp,ok,False,,False,0.525,3.115,3.653,12311,1988,8,5,1188,True,1620,0.7333,1188,1.0,,,True,junction_tree,1.11e-16,
D=3,random_sparse,16,0,3,16,19,full,3,False,ilp,ok,False,,False,0.401,7.234,7.641,1560,810,12,4,2070,True,2727,0.7591,,,,,True,junction_tree,1.11e-16,
D=3,random_sparse,16,1,3,16,19,full,3,False,ilp,ok,False,,False,0.414,9.041,9.462,1633,835,12,4,2307,True,3051,0.7561,,,,,True,junction_tree,1.11e-16,
D=5,chain,48,0,3,48,47,full,5,False,ilp,ok,False,,False,0.958,4.593,5.573,20457,2004,12,5,1812,True,2484,0.7295,1812,1.0,,,True,junction_tree,1.11e-16,
D=5,chain,64,0,3,64,63,full,5,False,ilp,ok,False,,False,1.526,5.723,7.281,27049,2020,17,5,2436,True,3348,0.7276,2436,1.0,,,True,junction_tree,1.11e-16,
D=5,star,4,0,3,4,3,full,5,False,ilp,ok,False,,False,0.028,0.031,0.059,118,118,1,4,93,True,117,0.7949,93,1.0,,,True,brute_force,1.11e-16,
D=5,star,6,0,3,6,5,full,5,False,ilp,ok,False,,False,0.094,9.164,9.26,1827,1817,2,5,165,True,252,0.6548,174,0.9483,,,True,brute_force,1.11e-16,
D=3,random_sparse,24,0,3,24,29,full,3,False,ilp,ok,False,,False,0.741,24.439,25.189,3865,1774,20,4,3393,True,5067,0.6696,,,,,True,junction_tree,1.11e-16,
D=3,random_sparse,24,1,3,24,29,full,3,False,ilp,ok,False,,False,0.723,30.186,30.919,4203,2372,18,4,3570,True,5031,0.7096,,,,,True,junction_tree,1.11e-16,
D=5,star,8,0,3,8,7,full,5,False,ilp,ok,False,,False,0.268,62.41,62.691,16533,16497,4,5,237,False,423,0.5603,267,0.8876,,,True,brute_force,7.77e-16,
D=3,random_sparse,32,0,3,32,39,full,3,False,ilp,ok,False,,False,0.959,36.333,37.302,4651,1868,23,4,3909,True,5634,0.6938,,,,,True,junction_tree,1.11e-16,
D=3,random_sparse,32,1,3,32,39,full,3,False,ilp,ok,False,,False,1.389,3.497,4.898,2859,795,26,4,5169,True,6831,0.7567,,,,,True,junction_tree,1.11e-16,
D=3,random_tree,48,0,3,48,47,full,3,False,ilp,ok,False,,False,1.698,117.317,119.04,20678,12727,31,3,1749,False,2592,0.6748,1803,0.97,,,True,junction_tree,1.67e-16,
D=3,random_tree,48,1,3,48,47,full,3,False,ilp,ok,False,,False,1.562,66.671,68.262,13557,9237,29,3,1749,False,2538,0.6891,1788,0.9782,,,True,junction_tree,1.67e-16,
D=3,random_sparse,48,0,3,48,59,full,3,False,ilp,ok,False,,False,2.049,40.27,42.337,6967,2221,38,5,11331,True,14625,0.7748,,,,,True,junction_tree,2.22e-16,
D=3,random_sparse,48,1,3,48,59,full,3,False,ilp,ok,False,,False,1.984,3.341,5.342,5060,683,36,5,8028,True,12159,0.6603,,,,,True,junction_tree,1.67e-16,
D=3,random_sparse,64,0,3,64,79,full,3,False,ilp,ok,False,,False,3.642,35.346,39.026,11198,2425,48,6,16254,True,29673,0.5478,,,,,True,junction_tree,1.67e-16,
D=3,random_sparse,64,1,3,64,79,full,3,False,ilp,ok,False,,False,3.481,10.162,13.672,9251,1934,51,5,13821,True,19413,0.7119,,,,,True,junction_tree,1.67e-16,
D=5,random_tree,4,0,3,4,3,full,5,False,ilp,ok,False,,False,0.025,0.064,0.089,101,101,1,4,96,True,117,0.8205,96,1.0,,,True,brute_force,1.67e-16,
D=5,random_tree,4,1,3,4,3,full,5,False,ilp,ok,False,,False,0.025,0.054,0.08,101,101,1,4,96,True,117,0.8205,96,1.0,,,True,brute_force,1.11e-16,
D=5,random_tree,6,0,3,6,5,full,5,False,ilp,ok,False,,False,0.035,0.086,0.121,281,218,2,4,171,True,225,0.76,171,1.0,,,True,brute_force,1.67e-16,
D=5,random_tree,6,1,3,6,5,full,5,False,ilp,ok,False,,False,0.046,0.091,0.138,281,218,2,4,171,True,225,0.76,171,1.0,,,True,brute_force,1.67e-16,
D=5,random_tree,8,0,3,8,7,full,5,False,ilp,ok,False,,False,0.099,0.313,0.414,696,592,3,4,249,True,333,0.7477,249,1.0,,,True,brute_force,7.77e-16,
D=5,random_tree,8,1,3,8,7,full,5,False,ilp,ok,False,,False,0.081,0.385,0.468,693,578,3,4,246,True,333,0.7387,246,1.0,,,True,brute_force,7.22e-16,
D=5,star,12,0,3,,,full,5,False,ilp,timeout,True,time,,,,>120,,,,,,,,,,,,,,,,
D=5,cycle,4,0,3,4,4,full,5,False,ilp,ok,False,,False,0.027,0.79,0.818,154,154,1,4,252,True,279,0.9032,,,,,True,brute_force,1.11e-16,
D=5,cycle,6,0,3,6,6,full,5,False,ilp,ok,False,,False,0.064,1.05,1.115,304,157,2,4,495,True,621,0.7971,,,,,True,brute_force,1.11e-16,
D=5,cycle,8,0,3,8,8,full,5,False,ilp,ok,False,,False,0.084,1.056,1.141,458,159,3,4,747,True,963,0.7757,,,,,True,brute_force,8.33e-16,
D=5,cycle,12,0,3,12,12,full,5,False,ilp,ok,False,,False,0.146,1.169,1.317,778,163,5,4,1251,True,1620,0.7722,,,,,True,brute_force,3.66e-15,
D=5,random_tree,12,0,3,12,11,full,5,False,ilp,ok,False,,False,0.144,25.462,25.611,5300,4118,3,5,396,True,549,0.7213,405,0.9778,,,True,brute_force,3.16e-15,
D=5,random_tree,12,1,3,12,11,full,5,False,ilp,ok,False,,False,0.157,8.319,8.481,4627,2976,3,5,393,True,531,0.7401,399,0.985,,,True,brute_force,3.89e-15,
D=5,cycle,16,0,3,16,16,full,5,False,ilp,ok,False,,False,0.272,1.448,1.725,1042,167,7,4,1782,True,2250,0.792,,,,,True,junction_tree,1.11e-16,
D=5,cycle,24,0,3,24,24,full,5,False,ilp,ok,False,,False,0.478,5.852,6.338,2622,657,10,5,2781,True,3618,0.7687,,,,,True,junction_tree,1.11e-16,
D=5,cycle,32,0,3,32,32,full,5,False,ilp,ok,False,,False,0.654,2.135,2.799,2546,183,15,4,3798,True,4986,0.7617,,,,,True,junction_tree,1.11e-16,
D=5,cycle,48,0,3,48,48,full,5,False,ilp,ok,False,,False,1.183,6.366,7.564,5142,681,22,5,5805,True,7722,0.7517,,,,,True,junction_tree,1.11e-16,
D=5,cycle,64,0,3,64,64,full,5,False,ilp,ok,False,,False,1.9,3.719,5.648,6739,677,31,5,7830,True,10458,0.7487,,,,,True,junction_tree,1.67e-16,
D=5,grid2,4,0,3,4,4,full,5,False,ilp,ok,False,,False,0.027,0.495,0.522,154,154,1,4,252,True,279,0.9032,,,,,True,brute_force,1.67e-16,
D=5,grid2,6,0,3,6,7,full,5,False,ilp,ok,False,,False,0.054,1.341,1.397,512,364,2,4,513,True,648,0.7917,,,,,True,brute_force,2.78e-16,
D=5,grid2,8,0,3,8,10,full,5,False,ilp,ok,False,,False,0.103,1.826,1.931,876,367,3,4,774,True,1017,0.7611,,,,,True,brute_force,8.88e-16,
D=5,grid2,12,0,3,12,16,full,5,False,ilp,ok,False,,False,0.212,3.503,3.72,1534,373,5,4,1296,True,1674,0.7742,,,,,True,brute_force,6.66e-15,
D=5,grid2,16,0,3,16,22,full,5,False,ilp,ok,False,,False,0.286,2.723,3.016,2392,379,7,4,1818,True,2493,0.7292,,,,,True,junction_tree,1.11e-16,
D=5,grid2,24,0,3,24,34,full,5,False,ilp,ok,False,,False,0.497,4.036,4.543,3916,391,11,4,2862,True,3888,0.7361,,,,,True,junction_tree,2.22e-16,
D=5,random_tree,16,0,3,16,15,full,5,False,ilp,ok,False,,False,0.265,18.164,18.436,6178,5148,6,4,549,True,756,0.7262,558,0.9839,,,True,junction_tree,1.11e-16,
D=5,random_tree,16,1,3,16,15,full,5,False,ilp,ok,False,,False,0.248,29.749,30.003,7572,4122,5,5,543,True,765,0.7098,558,0.9731,,,True,junction_tree,1.11e-16,
D=5,grid2,32,0,3,32,46,full,5,False,ilp,ok,False,,False,0.944,4.983,5.946,5624,403,15,4,3906,True,5364,0.7282,,,,,True,junction_tree,1.11e-16,
D=5,grid2,48,0,3,48,70,full,5,False,ilp,ok,False,,False,1.868,5.867,7.763,9328,427,23,4,5994,True,8316,0.7208,,,,,True,junction_tree,1.67e-16,
D=5,grid2,64,0,3,64,94,full,5,False,ilp,ok,False,,False,3.139,7.391,10.571,13416,451,31,4,8082,True,11268,0.7173,,,,,True,junction_tree,1.67e-16,
D=5,grid3,6,0,3,6,7,full,5,False,ilp,ok,False,,False,0.063,1.455,1.52,512,364,2,4,513,True,648,0.7917,,,,,True,brute_force,5.00e-16,
D=3,random_tree,64,0,3,,,full,3,False,ilp,timeout,True,time,,,,>120,,,,,,,,,,,,,,,,
D=3,random_tree,64,1,3,64,63,full,3,False,ilp,ok,False,,False,2.743,70.916,73.695,35553,28216,40,3,2346,False,3483,0.6736,2403,0.9763,,,True,junction_tree,1.67e-16,
D=5,random_sparse,4,0,3,4,4,full,5,False,ilp,ok,False,,False,0.033,0.87,0.903,186,186,1,4,183,True,225,0.8133,,,,,True,brute_force,1.67e-16,
D=5,random_sparse,4,1,3,4,4,full,5,False,ilp,ok,False,,False,0.033,0.702,0.736,186,186,1,4,183,True,225,0.8133,,,,,True,brute_force,1.11e-16,
D=5,random_sparse,6,0,3,6,6,full,5,False,ilp,ok,False,,False,0.076,0.183,0.26,368,189,2,4,357,True,459,0.7778,,,,,True,brute_force,4.44e-16,
D=5,random_sparse,6,1,3,6,6,full,5,False,ilp,ok,False,,False,0.047,0.34,0.389,359,264,2,4,258,True,324,0.7963,,,,,True,brute_force,1.67e-16,
D=5,grid3,9,0,3,9,12,full,5,False,ilp,ok,False,,False,0.191,26.941,27.136,3841,3212,4,5,1575,True,2241,0.7028,,,,,True,brute_force,7.77e-16,
D=5,random_sparse,8,0,3,8,9,full,5,False,ilp,ok,False,,False,0.104,19.305,19.412,2567,2063,2,5,444,True,675,0.6578,,,,,True,brute_force,5.55e-16,
D=5,random_sparse,8,1,3,8,9,full,5,False,ilp,ok,False,,False,0.104,23.677,23.784,3233,2471,2,5,540,True,801,0.6742,,,,,True,brute_force,6.66e-16,
D=5,grid3,12,0,3,12,17,full,5,False,ilp,ok,False,,False,0.29,60.112,60.409,6602,3217,6,5,2718,True,3591,0.7569,,,,,True,brute_force,5.05e-15,
D=5,random_sparse,12,0,3,12,14,full,5,False,ilp,ok,False,,False,0.194,17.29,17.489,2613,1296,4,5,1044,True,1449,0.7205,,,,,True,brute_force,5.00e-15,
D=5,random_sparse,12,1,3,12,14,full,5,False,ilp,ok,False,,False,0.171,17.993,18.168,2962,1452,4,5,1032,True,1359,0.7594,,,,,True,brute_force,3.55e-15,
D=5,random_tree,24,0,3,24,23,full,5,False,ilp,ok,False,,False,0.608,88.512,89.139,25989,19796,8,5,843,False,1224,0.6887,861,0.9791,,,True,junction_tree,1.67e-16,
D=5,random_tree,24,1,3,24,23,full,5,False,ilp,ok,False,,False,0.731,67.412,68.167,29589,26560,8,5,849,False,1224,0.6936,873,0.9725,,,True,junction_tree,1.11e-16,
D=5,grid3,15,0,3,15,22,full,5,False,ilp,ok,False,,False,0.37,54.915,55.293,7580,3222,7,5,3879,True,5184,0.7483,,,,,True,junction_tree,1.11e-16,
