problem,vars,code,alpha,flops,optimize_s,lines,bytes,gcc_s,run_ns,max_abs_err,kernels,call_lines,loop_lines
chain15_k4,15,plain,0.0,1052,6.36,416,11764,0.609,256.7,3.885780586188048e-16,0,0,0
chain15_k4,15,compact,0.0,1052,6.36,133,4684,0.215,163.9,3.885780586188048e-16,8,69,0
chain15_k4,15,compact,10.0,1056,7.4,114,3984,0.209,187.6,3.885780586188048e-16,5,69,0
chain15_k4,15,compact,100.0,1056,7.42,114,3984,0.204,170.2,3.885780586188048e-16,5,69,0
chain8_k8,8,plain,0.0,1936,6.43,213,5886,0.47,260.7,1.3877787807814457e-16,0,0,0
chain8_k8,8,compact,0.0,1936,6.43,91,3157,0.273,245.8,1.3877787807814457e-16,7,34,0
chain8_k8,8,compact,10.0,1936,8.53,91,3157,0.212,265.7,1.3877787807814457e-16,7,34,0
chain8_k8,8,compact,100.0,1936,8.31,91,3157,0.25,242.6,1.3877787807814457e-16,7,34,0
cycle10_k4,10,plain,0.0,2496,3.83,309,9110,0.652,267.1,7.66053886991358e-15,0,0,0
cycle10_k4,10,compact,0.0,2496,3.83,155,5985,0.309,281.4,7.66053886991358e-15,15,27,3
cycle10_k4,10,compact,10.0,2496,4.78,143,5702,0.357,346.4,7.66053886991358e-15,14,20,6
cycle10_k4,10,compact,100.0,2656,4.94,146,5880,0.381,363.0,7.605027718682322e-15,14,24,8
cycle8_k4,8,plain,0.0,1936,1.75,245,7205,0.479,215.1,2.1094237467877974e-15,0,0,0
cycle8_k4,8,compact,0.0,1936,1.75,140,5474,0.304,215.5,2.1094237467877974e-15,14,19,4
cycle8_k4,8,compact,10.0,1936,2.0,128,5213,0.308,214.9,2.1094237467877974e-15,13,15,8
cycle8_k4,8,compact,100.0,2048,1.78,141,5545,0.322,235.0,1.9984014443252818e-15,14,19,5
grid2x3_k2,6,plain,0.0,168,0.54,167,4892,0.116,25.9,2.220446049250313e-16,0,0,0
grid2x3_k2,6,compact,0.0,168,0.54,97,3707,0.126,38.6,2.220446049250313e-16,9,12,4
grid2x3_k2,6,compact,10.0,176,0.59,114,4336,0.129,53.9,2.220446049250313e-16,11,14,4
grid2x3_k2,6,compact,100.0,176,0.51,114,4336,0.124,52.4,2.220446049250313e-16,11,14,4
grid2x4_k3,8,plain,0.0,801,2.87,237,7005,0.344,103.4,1.2212453270876722e-15,0,0,0
grid2x4_k3,8,compact,0.0,801,2.87,163,6347,0.29,107.1,1.2212453270876722e-15,17,22,2
grid2x4_k3,8,compact,10.0,801,3.99,155,6009,0.253,106.1,1.2212453270876722e-15,16,22,2
grid2x4_k3,8,compact,100.0,963,3.78,181,7086,0.301,151.4,1.2212453270876722e-15,19,25,3
lowrank_cycle6_k8_r1,6,plain,0.0,264,3.39,369,12905,0.191,47.4,1.5543122344752192e-15,0,0,0
lowrank_cycle6_k8_r1,6,compact,0.0,264,3.39,146,7249,0.229,119.4,1.5543122344752192e-15,6,17,7
lowrank_cycle6_k8_r1,6,compact,10.0,264,4.38,146,7265,0.255,105.8,1.5543122344752192e-15,6,15,7
lowrank_cycle6_k8_r1,6,compact,100.0,264,4.26,146,7265,0.218,109.5,1.5543122344752192e-15,6,15,7
lowrank_cycle8_k12_r3,8,plain,0.0,5508,4.06,491,17552,3.738,1593.3,1.3183898417423734e-15,0,0,0
lowrank_cycle8_k12_r3,8,compact,0.0,5508,4.06,246,11745,2.332,1075.4,1.3322676295501878e-15,15,27,4
lowrank_cycle8_k12_r3,8,compact,10.0,5508,4.86,230,11118,2.298,1071.3,1.3322676295501878e-15,13,26,5
lowrank_cycle8_k12_r3,8,compact,100.0,5508,4.88,230,11118,2.321,1078.2,1.3322676295501878e-15,13,26,5
sparse10_k3,10,plain,0.0,723,3.29,277,7988,0.379,137.8,5.440092820663267e-15,0,0,0
sparse10_k3,10,compact,0.0,723,3.29,181,7167,0.261,111.6,5.440092820663267e-15,20,27,3
sparse10_k3,10,compact,10.0,765,3.56,162,6283,0.322,110.3,5.384581669432009e-15,16,32,4
sparse10_k3,10,compact,100.0,837,3.74,162,6321,0.25,117.8,5.384581669432009e-15,16,32,4
sparse8_k2,8,plain,0.0,254,2.27,249,7334,0.148,45.4,2.220446049250313e-16,0,0,0
sparse8_k2,8,compact,0.0,254,2.27,169,6747,0.154,42.6,2.220446049250313e-16,19,22,5
sparse8_k2,8,compact,10.0,272,2.94,150,5789,0.178,48.6,2.220446049250313e-16,15,24,4
sparse8_k2,8,compact,100.0,272,2.89,150,5789,0.145,45.6,2.220446049250313e-16,15,24,4
star6_k4,6,plain,0.0,284,0.25,139,3729,0.139,24.3,4.440892098500626e-16,0,0,0
star6_k4,6,compact,0.0,284,0.25,39,1497,0.118,40.0,4.440892098500626e-16,3,3,3
star6_k4,6,compact,10.0,284,0.26,39,1497,0.101,40.2,4.440892098500626e-16,3,3,3
star6_k4,6,compact,100.0,284,0.27,39,1497,0.1,40.1,4.440892098500626e-16,3,3,3
star7_k4,7,plain,0.0,348,0.65,172,4614,0.175,32.0,1.2212453270876722e-15,0,0,0
star7_k4,7,compact,0.0,348,0.65,39,1536,0.1,52.3,1.2212453270876722e-15,3,3,3
star7_k4,7,compact,10.0,348,0.8,39,1536,0.112,55.8,1.2212453270876722e-15,3,3,3
star7_k4,7,compact,100.0,348,0.93,39,1536,0.115,52.4,1.2212453270876722e-15,3,3,3
ternary6_k3,6,plain,0.0,450,0.13,141,4111,0.233,66.8,2.220446049250313e-16,0,0,0
ternary6_k3,6,compact,0.0,450,0.13,92,3391,0.157,51.9,2.220446049250313e-16,9,11,2
ternary6_k3,6,compact,10.0,441,0.13,75,2815,0.165,58.3,2.220446049250313e-16,7,9,4
ternary6_k3,6,compact,100.0,486,0.15,87,3303,0.155,62.0,2.220446049250313e-16,8,11,4
ternary8_k3,8,plain,0.0,693,0.43,203,5985,0.337,110.8,1.1102230246251565e-15,0,0,0
ternary8_k3,8,compact,0.0,693,0.43,95,3669,0.146,108.6,1.1102230246251565e-15,9,12,5
ternary8_k3,8,compact,10.0,693,0.48,94,3561,0.165,109.9,1.1102230246251565e-15,9,12,4
ternary8_k3,8,compact,100.0,693,0.52,94,3561,0.157,107.7,1.1102230246251565e-15,9,12,4
tree12_k3,12,plain,0.0,399,2.49,261,7204,0.263,69.5,6.2727600891321345e-15,0,0,0
tree12_k3,12,compact,0.0,399,2.49,68,2855,0.152,74.7,6.2727600891321345e-15,4,17,10
tree12_k3,12,compact,10.0,399,2.99,68,2855,0.177,71.8,6.2727600891321345e-15,4,17,10
tree12_k3,12,compact,100.0,399,3.1,68,2855,0.149,70.5,6.2727600891321345e-15,4,17,10
tree9_k4,9,plain,0.0,492,2.53,190,5213,0.185,55.0,2.4702462297909733e-15,0,0,0
tree9_k4,9,compact,0.0,492,2.53,59,2357,0.181,74.5,2.4702462297909733e-15,4,13,7
tree9_k4,9,compact,10.0,492,3.05,59,2357,0.147,76.3,2.4702462297909733e-15,4,13,7
tree9_k4,9,compact,100.0,492,3.28,59,2357,0.148,76.0,2.4702462297909733e-15,4,13,7
big_chain32_k32,32,plain,0.0,129856,23.13,909,26894,2.242,35932.9,5.551115123125783e-17,0,0,0
big_chain32_k32,32,compact,0.0,129856,23.13,218,8245,0.933,18719.5,5.551115123125783e-17,8,154,0
big_chain32_k32,32,compact,10.0,129856,25.67,211,7975,0.876,19377.3,5.551115123125783e-17,7,154,0
big_chain32_k32,32,compact,100.0,129888,23.71,199,7533,0.946,24346.4,5.551115123125783e-17,5,154,0
big_cycle16_k16,16,plain,0.0,267776,5.56,501,15600,3.382,45730.5,8.326672684688674e-17,0,0,0
big_cycle16_k16,16,compact,0.0,267776,5.56,187,7968,1.104,43614.5,8.326672684688674e-17,18,36,12
big_cycle16_k16,16,compact,10.0,267776,5.87,187,7968,0.97,40688.1,8.326672684688674e-17,18,36,12
big_cycle16_k16,16,compact,100.0,267776,5.98,187,7968,1.037,40658.2,8.326672684688674e-17,18,36,12
big_tree30_k8,30,plain,0.0,6904,12.29,755,21489,3.595,815.2,1.6653345369377348e-16,0,0,0
big_tree30_k8,30,compact,0.0,6904,12.29,80,4251,0.242,777.3,1.6653345369377348e-16,4,17,16
big_tree30_k8,30,compact,10.0,6904,14.08,80,4251,0.362,774.4,1.6653345369377348e-16,4,17,16
big_tree30_k8,30,compact,100.0,6904,14.66,80,4251,0.252,844.1,1.6653345369377348e-16,4,17,16
big_grid4x4_k3,16,plain,0.0,8073,5.66,645,21067,4.505,1433.7,2.220446049250313e-16,0,0,0
big_grid4x4_k3,16,compact,0.0,8073,5.66,413,18182,1.331,1253.0,2.220446049250313e-16,42,54,7
big_grid4x4_k3,16,compact,10.0,8073,6.66,407,17952,1.418,1438.9,2.220446049250313e-16,41,52,8
big_grid4x4_k3,16,compact,100.0,8352,6.47,412,18029,1.483,1567.0,2.220446049250313e-16,41,56,5
big_lowrank_cycle12_k32_r2,12,plain,0.0,8448,10.2,745,26651,1.655,1869.3,2.6922908347160046e-15,0,0,0
big_lowrank_cycle12_k32_r2,12,compact,0.0,8448,10.2,288,14526,1.273,2045.4,2.9837243786801082e-15,15,44,9
big_lowrank_cycle12_k32_r2,12,compact,10.0,8448,12.52,288,14526,1.388,1900.5,2.9837243786801082e-15,15,44,9
big_lowrank_cycle12_k32_r2,12,compact,100.0,8416,12.66,298,14836,1.428,2451.6,3.566591466608315e-15,16,46,7
chain64_k4,64,plain,0.0,4248,3.83,1329,39270,4.037,1325.6,0.0,0,0,0
chain64_k4,64,compact,0.0,4248,3.83,70,3478,0.129,959.8,0.0,6,13,7
chain64_k4,64,compact,10.0,4248,3.8,55,3051,0.123,1113.9,0.0,5,6,3
chain64_k4,64,compact,100.0,4248,3.82,55,3051,0.1,1069.8,0.0,5,6,3
chain128_k4,128,plain,0.0,8600,7.18,2673,80555,19.02,2595.6,0.0,0,0,0
chain128_k4,128,compact,0.0,8600,7.18,69,4451,0.136,1982.3,0.0,6,13,7
chain128_k4,128,compact,10.0,8600,8.14,55,4381,0.102,2247.9,0.0,5,6,3
chain128_k4,128,compact,100.0,8600,7.73,55,4381,0.121,2298.2,0.0,5,6,3
grid6x6_k2,36,plain,0.0,8420,6.05,1841,64564,5.369,1446.9,0.0,0,0,0
grid6x6_k2,36,compact,0.0,8420,6.05,1054,48910,1.347,589.5,0.0,97,138,8
grid6x6_k2,36,compact,10.0,8392,8.4,1037,48148,1.256,602.8,2.220446049250313e-16,95,137,10
grid6x6_k2,36,compact,100.0,8888,8.15,1142,53163,1.35,657.9,3.3306690738754696e-16,106,145,10
