model,m,K,setting,T,status,wall,search_s,head_saturate_s,head_extract_s,step_saturate_s,step_extract_s,head_nodes,step_nodes,hit_limit,head_cost,step_cost,total_cost,forward_step_cost,step_vs_forward,jt_step_cost,step_vs_jt,total_vs_forward,eval_s,eval_s_per_step,checked_times,checked_against,correct,max_abs_err,error
hmm,1,3,forward,1,ok,False,0.0,,,,,,,,3,21,3,21,1.0,27,0.7778,1.0,0.0,2.26e-04,1,brute_force,True,0.00e+00,
hmm,1,3,forward,2,ok,False,0.0,,,,,,,,3,21,24,21,1.0,27,0.7778,1.0,0.0,1.33e-04,2,brute_force,True,5.55e-17,
hmm,1,3,forward,4,ok,False,0.0,,,,,,,,3,21,66,21,1.0,27,0.7778,1.0,0.0,8.91e-05,4,brute_force,True,5.55e-17,
hmm,1,3,forward,8,ok,False,0.0,,,,,,,,3,21,150,21,1.0,27,0.7778,1.0,0.001,9.42e-05,8,brute_force,True,8.88e-16,
hmm,1,3,forward,16,ok,False,0.0,,,,,,,,3,21,318,21,1.0,27,0.7778,1.0,0.001,8.28e-05,16,brute_force+junction_tree,True,3.33e-15,
hmm,1,3,forward,64,ok,False,0.0,,,,,,,,3,21,1326,21,1.0,27,0.7778,1.0,0.006,8.98e-05,17,brute_force+junction_tree,True,1.11e-15,
hmm,1,3,forward,256,ok,False,0.0,,,,,,,,3,21,5358,21,1.0,27,0.7778,1.0,0.022,8.63e-05,17,brute_force+joint_state+junction_tree,True,1.11e-15,
hmm,1,3,forward,1024,ok,False,0.0,,,,,,,,3,21,21486,21,1.0,27,0.7778,1.0,0.071,6.93e-05,17,brute_force+joint_state,True,1.11e-15,
hmm,1,3,jt,1,ok,False,0.0,,,,,,,,3,27,3,21,1.2857,27,1.0,1.0,0.0,1.77e-04,1,brute_force,True,0.00e+00,
hmm,1,3,jt,2,ok,False,0.0,,,,,,,,3,27,30,21,1.2857,27,1.0,1.25,0.0,1.44e-04,2,brute_force,True,5.55e-17,
hmm,1,3,jt,4,ok,False,0.0,,,,,,,,3,27,84,21,1.2857,27,1.0,1.2727,0.0,1.13e-04,4,brute_force,True,5.55e-17,
hmm,1,3,jt,8,ok,False,0.0,,,,,,,,3,27,192,21,1.2857,27,1.0,1.28,0.001,1.02e-04,8,brute_force,True,9.44e-16,
hmm,1,3,jt,16,ok,False,0.0,,,,,,,,3,27,408,21,1.2857,27,1.0,1.283,0.001,9.37e-05,16,brute_force+junction_tree,True,3.33e-15,
hmm,1,3,jt,64,ok,False,0.0,,,,,,,,3,27,1704,21,1.2857,27,1.0,1.2851,0.005,8.40e-05,17,brute_force+junction_tree,True,1.17e-15,
hmm,1,3,jt,256,ok,False,0.0,,,,,,,,3,27,6888,21,1.2857,27,1.0,1.2856,0.023,8.98e-05,17,brute_force+joint_state+junction_tree,True,1.17e-15,
hmm,1,3,jt,1024,ok,False,0.0,,,,,,,,3,27,27624,21,1.2857,27,1.0,1.2857,0.073,7.11e-05,17,brute_force+joint_state,True,1.17e-15,
hmm,1,3,default,1,ok,False,0.045,0.013,0.002,0.019,0.01,4,19,False,3,21,3,21,1.0,27,0.7778,1.0,0.0,1.93e-04,1,brute_force,True,0.00e+00,
hmm,1,3,default,2,ok,False,0.045,0.013,0.002,0.019,0.01,4,19,False,3,21,24,21,1.0,27,0.7778,1.0,0.0,1.03e-04,2,brute_force,True,5.55e-17,
hmm,1,3,default,4,ok,False,0.045,0.013,0.002,0.019,0.01,4,19,False,3,21,66,21,1.0,27,0.7778,1.0,0.0,7.82e-05,4,brute_force,True,5.55e-17,
hmm,1,3,default,8,ok,False,0.045,0.013,0.002,0.019,0.01,4,19,False,3,21,150,21,1.0,27,0.7778,1.0,0.0,6.08e-05,8,brute_force,True,8.88e-16,
hmm,1,3,default,16,ok,False,0.045,0.013,0.002,0.019,0.01,4,19,False,3,21,318,21,1.0,27,0.7778,1.0,0.001,7.60e-05,16,brute_force+junction_tree,True,3.33e-15,
hmm,1,3,default,64,ok,False,0.045,0.013,0.002,0.019,0.01,4,19,False,3,21,1326,21,1.0,27,0.7778,1.0,0.003,4.67e-05,17,brute_force+junction_tree,True,1.11e-15,
hmm,1,3,default,256,ok,False,0.045,0.013,0.002,0.019,0.01,4,19,False,3,21,5358,21,1.0,27,0.7778,1.0,0.013,5.26e-05,17,brute_force+joint_state+junction_tree,True,1.11e-15,
hmm,1,3,default,1024,ok,False,0.045,0.013,0.002,0.019,0.01,4,19,False,3,21,21486,21,1.0,27,0.7778,1.0,0.085,8.27e-05,17,brute_force+joint_state,True,1.11e-15,
hmm,1,3,light,1,ok,False,0.03,0.015,0.0,0.015,0.0,4,19,False,3,21,3,21,1.0,27,0.7778,1.0,0.0,2.15e-04,1,brute_force,True,0.00e+00,
hmm,1,3,light,2,ok,False,0.03,0.015,0.0,0.015,0.0,4,19,False,3,21,24,21,1.0,27,0.7778,1.0,0.0,1.28e-04,2,brute_force,True,5.55e-17,
hmm,1,3,light,4,ok,False,0.03,0.015,0.0,0.015,0.0,4,19,False,3,21,66,21,1.0,27,0.7778,1.0,0.001,3.52e-04,4,brute_force,True,5.55e-17,
hmm,1,3,light,8,ok,False,0.03,0.015,0.0,0.015,0.0,4,19,False,3,21,150,21,1.0,27,0.7778,1.0,0.001,6.50e-05,8,brute_force,True,8.88e-16,
hmm,1,3,light,16,ok,False,0.03,0.015,0.0,0.015,0.0,4,19,False,3,21,318,21,1.0,27,0.7778,1.0,0.001,7.91e-05,16,brute_force+junction_tree,True,3.33e-15,
hmm,1,3,light,64,ok,False,0.03,0.015,0.0,0.015,0.0,4,19,False,3,21,1326,21,1.0,27,0.7778,1.0,0.003,4.83e-05,17,brute_force+junction_tree,True,1.11e-15,
hmm,1,3,light,256,ok,False,0.03,0.015,0.0,0.015,0.0,4,19,False,3,21,5358,21,1.0,27,0.7778,1.0,0.012,4.64e-05,17,brute_force+joint_state+junction_tree,True,1.11e-15,
hmm,1,3,light,1024,ok,False,0.03,0.015,0.0,0.015,0.0,4,19,False,3,21,21486,21,1.0,27,0.7778,1.0,0.048,4.72e-05,17,brute_force+joint_state,True,1.11e-15,
fhmm2,2,3,forward,1,ok,False,0.0,,,,,,,,36,243,36,243,1.0,234,1.0385,1.0,0.0,2.59e-04,1,brute_force,True,0.00e+00,
fhmm2,2,3,forward,2,ok,False,0.0,,,,,,,,36,243,279,243,1.0,234,1.0385,1.0,0.0,1.47e-04,2,brute_force,True,1.11e-16,
fhmm2,2,3,forward,4,ok,False,0.0,,,,,,,,36,243,765,243,1.0,234,1.0385,1.0,0.0,1.09e-04,4,brute_force,True,4.44e-16,
fhmm2,2,3,forward,8,ok,False,0.0,,,,,,,,36,243,1737,243,1.0,234,1.0385,1.0,0.001,1.40e-04,8,brute_force+junction_tree,True,7.99e-15,
fhmm2,2,3,forward,16,ok,False,0.0,,,,,,,,36,243,3681,243,1.0,234,1.0385,1.0,0.002,1.48e-04,16,brute_force+junction_tree,True,7.99e-15,
fhmm2,2,3,forward,64,ok,False,0.0,,,,,,,,36,243,15345,243,1.0,234,1.0385,1.0,0.007,1.02e-04,17,brute_force+joint_state+junction_tree,True,7.99e-15,
fhmm2,2,3,forward,256,ok,False,0.0,,,,,,,,36,243,62001,243,1.0,234,1.0385,1.0,0.033,1.28e-04,17,brute_force+joint_state+junction_tree,True,7.99e-15,
fhmm2,2,3,forward,1024,ok,False,0.0,,,,,,,,36,243,248625,243,1.0,234,1.0385,1.0,0.128,1.25e-04,17,brute_force+joint_state+junction_tree,True,7.99e-15,
fhmm2,2,3,jt,1,ok,False,0.0,,,,,,,,36,234,36,243,0.963,234,1.0,1.0,0.0,2.31e-04,1,brute_force,True,0.00e+00,
fhmm2,2,3,jt,2,ok,False,0.0,,,,,,,,36,234,270,243,0.963,234,1.0,0.9677,0.0,1.75e-04,2,brute_force,True,1.11e-16,
fhmm2,2,3,jt,4,ok,False,0.0,,,,,,,,36,234,738,243,0.963,234,1.0,0.9647,0.0,1.23e-04,4,brute_force,True,5.00e-16,
fhmm2,2,3,jt,8,ok,False,0.0,,,,,,,,36,234,1674,243,0.963,234,1.0,0.9637,0.001,1.25e-04,8,brute_force+junction_tree,True,8.10e-15,
fhmm2,2,3,jt,16,ok,False,0.0,,,,,,,,36,234,3546,243,0.963,234,1.0,0.9633,0.002,1.23e-04,16,brute_force+junction_tree,True,8.10e-15,
fhmm2,2,3,jt,64,ok,False,0.0,,,,,,,,36,234,14778,243,0.963,234,1.0,0.963,0.01,1.53e-04,17,brute_force+joint_state+junction_tree,True,8.10e-15,
fhmm2,2,3,jt,256,ok,False,0.0,,,,,,,,36,234,59706,243,0.963,234,1.0,0.963,0.035,1.36e-04,17,brute_force+joint_state+junction_tree,True,8.10e-15,
fhmm2,2,3,jt,1024,ok,False,0.0,,,,,,,,36,234,239418,243,0.963,234,1.0,0.963,0.156,1.52e-04,17,brute_force+joint_state+junction_tree,True,8.10e-15,
fhmm2,2,3,default,1,ok,False,0.107,0.023,0.014,0.028,0.041,23,142,False,36,135,36,243,0.5556,234,0.5769,1.0,0.0,2.88e-04,1,brute_force,True,0.00e+00,
fhmm2,2,3,default,2,ok,False,0.107,0.023,0.014,0.028,0.041,23,142,False,36,135,171,243,0.5556,234,0.5769,0.6129,0.0,1.24e-04,2,brute_force,True,1.11e-16,
fhmm2,2,3,default,4,ok,False,0.107,0.023,0.014,0.028,0.041,23,142,False,36,135,441,243,0.5556,234,0.5769,0.5765,0.0,8.36e-05,4,brute_force,True,3.89e-16,
fhmm2,2,3,default,8,ok,False,0.107,0.023,0.014,0.028,0.041,23,142,False,36,135,981,243,0.5556,234,0.5769,0.5648,0.001,8.02e-05,8,brute_force+junction_tree,True,7.99e-15,
fhmm2,2,3,default,16,ok,False,0.107,0.023,0.014,0.028,0.041,23,142,False,36,135,2061,243,0.5556,234,0.5769,0.5599,0.001,8.34e-05,16,brute_force+junction_tree,True,7.99e-15,
fhmm2,2,3,default,64,ok,False,0.107,0.023,0.014,0.028,0.041,23,142,False,36,135,8541,243,0.5556,234,0.5769,0.5566,0.007,1.02e-04,17,brute_force+joint_state+junction_tree,True,7.99e-15,
fhmm2,2,3,default,256,ok,False,0.107,0.023,0.014,0.028,0.041,23,142,False,36,135,34461,243,0.5556,234,0.5769,0.5558,0.027,1.05e-04,17,brute_force+joint_state+junction_tree,True,7.99e-15,
fhmm2,2,3,default,1024,ok,False,0.107,0.023,0.014,0.028,0.041,23,142,False,36,135,138141,243,0.5556,234,0.5769,0.5556,0.139,1.36e-04,17,brute_force+joint_state+junction_tree,True,7.99e-15,
fhmm2,2,3,light,1,ok,False,0.046,0.02,0.0,0.024,0.001,23,142,False,36,135,36,243,0.5556,234,0.5769,1.0,0.0,2.56e-04,1,brute_force,True,0.00e+00,
fhmm2,2,3,light,2,ok,False,0.046,0.02,0.0,0.024,0.001,23,142,False,36,135,171,243,0.5556,234,0.5769,0.6129,0.0,1.58e-04,2,brute_force,True,1.11e-16,
fhmm2,2,3,light,4,ok,False,0.046,0.02,0.0,0.024,0.001,23,142,False,36,135,441,243,0.5556,234,0.5769,0.5765,0.0,1.06e-04,4,brute_force,True,4.44e-16,
fhmm2,2,3,light,8,ok,False,0.046,0.02,0.0,0.024,0.001,23,142,False,36,135,981,243,0.5556,234,0.5769,0.5648,0.001,1.11e-04,8,brute_force+junction_tree,True,8.10e-15,
fhmm2,2,3,light,16,ok,False,0.046,0.02,0.0,0.024,0.001,23,142,False,36,135,2061,243,0.5556,234,0.5769,0.5599,0.002,1.07e-04,16,brute_force+junction_tree,True,8.10e-15,
fhmm2,2,3,light,64,ok,False,0.046,0.02,0.0,0.024,0.001,23,142,False,36,135,8541,243,0.5556,234,0.5769,0.5566,0.007,1.17e-04,17,brute_force+joint_state+junction_tree,True,8.10e-15,
fhmm2,2,3,light,256,ok,False,0.046,0.02,0.0,0.024,0.001,23,142,False,36,135,34461,243,0.5556,234,0.5769,0.5558,0.027,1.07e-04,17,brute_force+joint_state+junction_tree,True,8.10e-15,
fhmm2,2,3,light,1024,ok,False,0.046,0.02,0.0,0.024,0.001,23,142,False,36,135,138141,243,0.5556,234,0.5769,0.5556,0.13,1.27e-04,17,brute_force+joint_state+junction_tree,True,8.10e-15,
fhmm3,3,3,forward,1,ok,False,0.0,,,,,,,,144,2214,144,2214,1.0,1242,1.7826,1.0,0.0,2.79e-04,1,brute_force,True,1.11e-16,
fhmm3,3,3,forward,2,ok,False,0.0,,,,,,,,144,2214,2358,2214,1.0,1242,1.7826,1.0,0.0,1.92e-04,2,brute_force,True,2.22e-16,
fhmm3,3,3,forward,4,ok,False,0.0,,,,,,,,144,2214,6786,2214,1.0,1242,1.7826,1.0,0.001,1.56e-04,4,brute_force,True,4.33e-15,
fhmm3,3,3,forward,8,ok,False,0.0,,,,,,,,144,2214,15642,2214,1.0,1242,1.7826,1.0,0.001,1.77e-04,8,brute_force+junction_tree,True,4.33e-15,
fhmm3,3,3,forward,16,ok,False,0.0,,,,,,,,144,2214,33354,2214,1.0,1242,1.7826,1.0,0.003,1.58e-04,16,brute_force+junction_tree,True,4.33e-15,
fhmm3,3,3,forward,64,ok,False,0.0,,,,,,,,144,2214,139626,2214,1.0,1242,1.7826,1.0,0.01,1.53e-04,17,brute_force+joint_state+junction_tree,True,4.33e-15,
fhmm3,3,3,forward,256,ok,False,0.0,,,,,,,,144,2214,564714,2214,1.0,1242,1.7826,1.0,0.039,1.54e-04,17,brute_force+joint_state+junction_tree,True,4.33e-15,
fhmm3,3,3,forward,1024,ok,False,0.0,,,,,,,,144,2214,2265066,2214,1.0,1242,1.7826,1.0,0.189,1.84e-04,17,brute_force+joint_state+junction_tree,True,4.33e-15,
fhmm3,3,3,jt,1,ok,False,0.0,,,,,,,,144,1242,144,2214,0.561,1242,1.0,1.0,0.0,3.55e-04,1,brute_force,True,1.11e-16,
fhmm3,3,3,jt,2,ok,False,0.0,,,,,,,,144,1242,1386,2214,0.561,1242,1.0,0.5878,0.001,3.03e-04,2,brute_force,True,2.22e-16,
fhmm3,3,3,jt,4,ok,False,0.0,,,,,,,,144,1242,3870,2214,0.561,1242,1.0,0.5703,0.001,2.75e-04,4,brute_force,True,4.33e-15,
fhmm3,3,3,jt,8,ok,False,0.0,,,,,,,,144,1242,8838,2214,0.561,1242,1.0,0.565,0.002,2.52e-04,8,brute_force+junction_tree,True,4.33e-15,
fhmm3,3,3,jt,16,ok,False,0.0,,,,,,,,144,1242,18774,2214,0.561,1242,1.0,0.5629,0.004,2.41e-04,16,brute_force+junction_tree,True,4.33e-15,
fhmm3,3,3,jt,64,ok,False,0.0,,,,,,,,144,1242,78390,2214,0.561,1242,1.0,0.5614,0.015,2.30e-04,17,brute_force+joint_state+junction_tree,True,4.33e-15,
fhmm3,3,3,jt,256,ok,False,0.0,,,,,,,,144,1242,316854,2214,0.561,1242,1.0,0.5611,0.06,2.35e-04,17,brute_force+joint_state+junction_tree,True,4.33e-15,
fhmm3,3,3,jt,1024,ok,False,0.0,,,,,,,,144,1242,1270710,2214,0.561,1242,1.0,0.561,0.389,3.80e-04,17,brute_force+joint_state+junction_tree,True,4.33e-15,
fhmm3,3,3,default,1,ok,False,1.63,0.075,0.336,0.076,1.14,114,910,False,144,594,144,2214,0.2683,1242,0.4783,1.0,0.001,6.98e-04,1,brute_force,True,8.33e-17,
fhmm3,3,3,default,2,ok,False,1.63,0.075,0.336,0.076,1.14,114,910,False,144,594,738,2214,0.2683,1242,0.4783,0.313,0.001,3.32e-04,2,brute_force,True,1.11e-16,
fhmm3,3,3,default,4,ok,False,1.63,0.075,0.336,0.076,1.14,114,910,False,144,594,1926,2214,0.2683,1242,0.4783,0.2838,0.001,3.08e-04,4,brute_force,True,4.33e-15,
fhmm3,3,3,default,8,ok,False,1.63,0.075,0.336,0.076,1.14,114,910,False,144,594,4302,2214,0.2683,1242,0.4783,0.275,0.001,1.70e-04,8,brute_force+junction_tree,True,4.33e-15,
fhmm3,3,3,default,16,ok,False,1.63,0.075,0.336,0.076,1.14,114,910,False,144,594,9054,2214,0.2683,1242,0.4783,0.2715,0.005,3.43e-04,16,brute_force+junction_tree,True,4.33e-15,
fhmm3,3,3,default,64,ok,False,1.63,0.075,0.336,0.076,1.14,114,910,False,144,594,37566,2214,0.2683,1242,0.4783,0.269,0.019,2.98e-04,17,brute_force+joint_state+junction_tree,True,4.33e-15,
fhmm3,3,3,default,256,ok,False,1.63,0.075,0.336,0.076,1.14,114,910,False,144,594,151614,2214,0.2683,1242,0.4783,0.2685,0.104,4.05e-04,17,brute_force+joint_state+junction_tree,True,4.33e-15,
fhmm3,3,3,default,1024,ok,False,1.63,0.075,0.336,0.076,1.14,114,910,False,144,594,607806,2214,0.2683,1242,0.4783,0.2683,0.279,2.73e-04,17,brute_force+joint_state+junction_tree,True,4.33e-15,
fhmm3,3,3,light,1,ok,False,0.145,0.06,0.002,0.07,0.011,114,910,False,144,729,144,2214,0.3293,1242,0.587,1.0,0.0,4.23e-04,1,brute_force,True,1.11e-16,
fhmm3,3,3,light,2,ok,False,0.145,0.06,0.002,0.07,0.011,114,910,False,144,729,873,2214,0.3293,1242,0.587,0.3702,0.001,3.35e-04,2,brute_force,True,2.22e-16,
fhmm3,3,3,light,4,ok,False,0.145,0.06,0.002,0.07,0.011,114,910,False,144,729,2331,2214,0.3293,1242,0.587,0.3435,0.001,1.80e-04,4,brute_force,True,4.33e-15,
fhmm3,3,3,light,8,ok,False,0.145,0.06,0.002,0.07,0.011,114,910,False,144,729,5247,2214,0.3293,1242,0.587,0.3354,0.004,4.88e-04,8,brute_force+junction_tree,True,4.33e-15,
fhmm3,3,3,light,16,ok,False,0.145,0.06,0.002,0.07,0.011,114,910,False,144,729,11079,2214,0.3293,1242,0.587,0.3322,0.004,2.33e-04,16,brute_force+junction_tree,True,4.33e-15,
fhmm3,3,3,light,64,ok,False,0.145,0.06,0.002,0.07,0.011,114,910,False,144,729,46071,2214,0.3293,1242,0.587,0.33,0.017,2.71e-04,17,brute_force+joint_state+junction_tree,True,4.33e-15,
fhmm3,3,3,light,256,ok,False,0.145,0.06,0.002,0.07,0.011,114,910,False,144,729,186039,2214,0.3293,1242,0.587,0.3294,0.063,2.44e-04,17,brute_force+joint_state+junction_tree,True,4.33e-15,
fhmm3,3,3,light,1024,ok,False,0.145,0.06,0.002,0.07,0.011,114,910,False,144,729,745911,2214,0.3293,1242,0.587,0.3293,0.314,3.07e-04,17,brute_force+joint_state+junction_tree,True,4.33e-15,
fhmm4,4,3,forward,1,ok,False,0.0,,,,,,,,477,19800,477,19800,1.0,5328,3.7162,1.0,0.001,8.26e-04,1,brute_force,True,5.55e-17,
fhmm4,4,3,forward,2,ok,False,0.0,,,,,,,,477,19800,20277,19800,1.0,5328,3.7162,1.0,0.001,6.65e-04,2,brute_force,True,5.55e-16,
fhmm4,4,3,forward,4,ok,False,0.0,,,,,,,,477,19800,59877,19800,1.0,5328,3.7162,1.0,0.003,6.46e-04,4,brute_force+junction_tree,True,3.64e-15,
fhmm4,4,3,forward,8,ok,False,0.0,,,,,,,,477,19800,139077,19800,1.0,5328,3.7162,1.0,0.005,6.42e-04,8,brute_force+junction_tree,True,3.64e-15,
fhmm4,4,3,forward,16,ok,False,0.0,,,,,,,,477,19800,297477,19800,1.0,5328,3.7162,1.0,0.008,5.00e-04,16,brute_force+junction_tree,True,3.64e-15,
fhmm4,4,3,forward,64,ok,False,0.0,,,,,,,,477,19800,1247877,19800,1.0,5328,3.7162,1.0,0.039,6.17e-04,17,brute_force+joint_state+junction_tree,True,3.64e-15,
fhmm4,4,3,forward,256,ok,False,0.0,,,,,,,,477,19800,5049477,19800,1.0,5328,3.7162,1.0,0.118,4.60e-04,17,brute_force+joint_state+junction_tree,True,3.64e-15,
fhmm4,4,3,forward,1024,ok,False,0.0,,,,,,,,477,19800,20255877,19800,1.0,5328,3.7162,1.0,0.326,3.19e-04,17,brute_force+joint_state+junction_tree,True,3.64e-15,
fhmm4,4,3,jt,1,ok,False,0.0,,,,,,,,477,5328,477,19800,0.2691,5328,1.0,1.0,0.001,8.07e-04,1,brute_force,True,5.55e-17,
fhmm4,4,3,jt,2,ok,False,0.0,,,,,,,,477,5328,5805,19800,0.2691,5328,1.0,0.2863,0.001,7.40e-04,2,brute_force,True,6.11e-16,
fhmm4,4,3,jt,4,ok,False,0.0,,,,,,,,477,5328,16461,19800,0.2691,5328,1.0,0.2749,0.003,7.50e-04,4,brute_force+junction_tree,True,3.64e-15,
fhmm4,4,3,jt,8,ok,False,0.0,,,,,,,,477,5328,37773,19800,0.2691,5328,1.0,0.2716,0.006,7.66e-04,8,brute_force+junction_tree,True,3.64e-15,
fhmm4,4,3,jt,16,ok,False,0.0,,,,,,,,477,5328,80397,19800,0.2691,5328,1.0,0.2703,0.01,5.94e-04,16,brute_force+junction_tree,True,3.64e-15,
fhmm4,4,3,jt,64,ok,False,0.0,,,,,,,,477,5328,336141,19800,0.2691,5328,1.0,0.2694,0.064,1.00e-03,17,brute_force+joint_state+junction_tree,True,3.64e-15,
fhmm4,4,3,jt,256,ok,False,0.0,,,,,,,,477,5328,1359117,19800,0.2691,5328,1.0,0.2692,0.145,5.65e-04,17,brute_force+joint_state+junction_tree,True,3.64e-15,
fhmm4,4,3,jt,1024,ok,False,0.0,,,,,,,,477,5328,5451021,19800,0.2691,5328,1.0,0.2691,0.333,3.25e-04,17,brute_force+joint_state+junction_tree,True,3.64e-15,
fhmm4,4,3,default,1,ok,False,32.441,0.058,13.372,0.093,18.914,509,5462,False,432,2277,432,19800,0.115,5328,0.4274,0.9057,0.001,5.75e-04,1,brute_force,True,1.67e-16,
fhmm4,4,3,default,2,ok,False,32.441,0.058,13.372,0.093,18.914,509,5462,False,432,2277,2709,19800,0.115,5328,0.4274,0.1336,0.001,2.66e-04,2,brute_force,True,6.11e-16,
fhmm4,4,3,default,4,ok,False,32.441,0.058,13.372,0.093,18.914,509,5462,False,432,2277,7263,19800,0.115,5328,0.4274,0.1213,0.001,2.32e-04,4,brute_force+junction_tree,True,3.69e-15,
fhmm4,4,3,default,8,ok,False,32.441,0.058,13.372,0.093,18.914,509,5462,False,432,2277,16371,19800,0.115,5328,0.4274,0.1177,0.002,2.06e-04,8,brute_force+junction_tree,True,3.69e-15,
fhmm4,4,3,default,16,ok,False,32.441,0.058,13.372,0.093,18.914,509,5462,False,432,2277,34587,19800,0.115,5328,0.4274,0.1163,0.004,2.62e-04,16,brute_force+junction_tree,True,3.69e-15,
fhmm4,4,3,default,64,ok,False,32.441,0.058,13.372,0.093,18.914,509,5462,False,432,2277,143883,19800,0.115,5328,0.4274,0.1153,0.013,1.99e-04,17,brute_force+joint_state+junction_tree,True,3.69e-15,
fhmm4,4,3,default,256,ok,False,32.441,0.058,13.372,0.093,18.914,509,5462,False,432,2277,581067,19800,0.115,5328,0.4274,0.1151,0.052,2.02e-04,17,brute_force+joint_state+junction_tree,True,3.69e-15,
fhmm4,4,3,default,1024,ok,False,32.441,0.058,13.372,0.093,18.914,509,5462,False,432,2277,2329803,19800,0.115,5328,0.4274,0.115,0.223,2.18e-04,17,brute_force+joint_state+junction_tree,True,3.69e-15,
fhmm4,4,3,light,1,ok,False,0.243,0.047,0.006,0.125,0.064,509,5462,False,459,2709,459,19800,0.1368,5328,0.5084,0.9623,0.0,4.79e-04,1,brute_force,True,1.11e-16,
fhmm4,4,3,light,2,ok,False,0.243,0.047,0.006,0.125,0.064,509,5462,False,459,2709,3168,19800,0.1368,5328,0.5084,0.1562,0.001,3.08e-04,2,brute_force,True,6.11e-16,
fhmm4,4,3,light,4,ok,False,0.243,0.047,0.006,0.125,0.064,509,5462,False,459,2709,8586,19800,0.1368,5328,0.5084,0.1434,0.001,2.53e-04,4,brute_force+junction_tree,True,3.61e-15,
fhmm4,4,3,light,8,ok,False,0.243,0.047,0.006,0.125,0.064,509,5462,False,459,2709,19422,19800,0.1368,5328,0.5084,0.1396,0.002,2.81e-04,8,brute_force+junction_tree,True,3.61e-15,
fhmm4,4,3,light,16,ok,False,0.243,0.047,0.006,0.125,0.064,509,5462,False,459,2709,41094,19800,0.1368,5328,0.5084,0.1381,0.004,2.20e-04,16,brute_force+junction_tree,True,3.61e-15,
fhmm4,4,3,light,64,ok,False,0.243,0.047,0.006,0.125,0.064,509,5462,False,459,2709,171126,19800,0.1368,5328,0.5084,0.1371,0.015,2.40e-04,17,brute_force+joint_state+junction_tree,True,3.61e-15,
fhmm4,4,3,light,256,ok,False,0.243,0.047,0.006,0.125,0.064,509,5462,False,459,2709,691254,19800,0.1368,5328,0.5084,0.1369,0.1,3.90e-04,17,brute_force+joint_state+junction_tree,True,3.61e-15,
fhmm4,4,3,light,1024,ok,False,0.243,0.047,0.006,0.125,0.064,509,5462,False,459,2709,2771766,19800,0.1368,5328,0.5084,0.1368,0.291,2.84e-04,17,brute_force+joint_state+junction_tree,True,3.61e-15,
chmm2,2,3,forward,1,ok,False,0.0,,,,,,,,45,252,45,252,1.0,216,1.1667,1.0,0.0,2.46e-04,1,brute_force,True,1.11e-16,
chmm2,2,3,forward,2,ok,False,0.0,,,,,,,,45,252,297,252,1.0,216,1.1667,1.0,0.0,2.03e-04,2,brute_force,True,1.11e-16,
chmm2,2,3,forward,4,ok,False,0.0,,,,,,,,45,252,801,252,1.0,216,1.1667,1.0,0.001,1.67e-04,4,brute_force,True,7.77e-16,
chmm2,2,3,forward,8,ok,False,0.0,,,,,,,,45,252,1809,252,1.0,216,1.1667,1.0,0.001,1.35e-04,8,brute_force+junction_tree,True,8.38e-15,
chmm2,2,3,forward,16,ok,False,0.0,,,,,,,,45,252,3825,252,1.0,216,1.1667,1.0,0.002,1.29e-04,16,brute_force+junction_tree,True,8.38e-15,
chmm2,2,3,forward,64,ok,False,0.0,,,,,,,,45,252,15921,252,1.0,216,1.1667,1.0,0.01,1.61e-04,17,brute_force+joint_state+junction_tree,True,8.38e-15,
chmm2,2,3,forward,256,ok,False,0.0,,,,,,,,45,252,64305,252,1.0,216,1.1667,1.0,0.04,1.56e-04,17,brute_force+joint_state+junction_tree,True,8.38e-15,
chmm2,2,3,forward,1024,ok,False,0.0,,,,,,,,45,252,257841,252,1.0,216,1.1667,1.0,0.13,1.27e-04,17,brute_force+joint_state+junction_tree,True,8.38e-15,
chmm2,2,3,jt,1,ok,False,0.0,,,,,,,,45,216,45,252,0.8571,216,1.0,1.0,0.0,3.97e-04,1,brute_force,True,1.11e-16,
chmm2,2,3,jt,2,ok,False,0.0,,,,,,,,45,216,261,252,0.8571,216,1.0,0.8788,0.0,2.41e-04,2,brute_force,True,1.11e-16,
chmm2,2,3,jt,4,ok,False,0.0,,,,,,,,45,216,693,252,0.8571,216,1.0,0.8652,0.001,1.85e-04,4,brute_force,True,6.66e-16,
chmm2,2,3,jt,8,ok,False,0.0,,,,,,,,45,216,1557,252,0.8571,216,1.0,0.8607,0.003,3.44e-04,8,brute_force+junction_tree,True,8.27e-15,
chmm2,2,3,jt,16,ok,False,0.0,,,,,,,,45,216,3285,252,0.8571,216,1.0,0.8588,0.003,2.02e-04,16,brute_force+junction_tree,True,8.27e-15,
chmm2,2,3,jt,64,ok,False,0.0,,,,,,,,45,216,13653,252,0.8571,216,1.0,0.8575,0.012,1.88e-04,17,brute_force+joint_state+junction_tree,True,8.27e-15,
chmm2,2,3,jt,256,ok,False,0.0,,,,,,,,45,216,55125,252,0.8571,216,1.0,0.8572,0.047,1.84e-04,17,brute_force+joint_state+junction_tree,True,8.27e-15,
chmm2,2,3,jt,1024,ok,False,0.0,,,,,,,,45,216,221013,252,0.8571,216,1.0,0.8572,0.14,1.37e-04,17,brute_force+joint_state+junction_tree,True,8.27e-15,
chmm2,2,3,default,1,ok,False,0.335,0.02,0.015,0.025,0.273,82,413,False,27,144,27,252,0.5714,216,0.6667,0.6,0.001,5.39e-04,1,brute_force,True,1.11e-16,
chmm2,2,3,default,2,ok,False,0.335,0.02,0.015,0.025,0.273,82,413,False,27,144,171,252,0.5714,216,0.6667,0.5758,0.001,2.64e-04,2,brute_force,True,1.11e-16,
chmm2,2,3,default,4,ok,False,0.335,0.02,0.015,0.025,0.273,82,413,False,27,144,459,252,0.5714,216,0.6667,0.573,0.001,2.24e-04,4,brute_force,True,6.66e-16,
chmm2,2,3,default,8,ok,False,0.335,0.02,0.015,0.025,0.273,82,413,False,27,144,1035,252,0.5714,216,0.6667,0.5721,0.001,1.84e-04,8,brute_force+junction_tree,True,8.27e-15,
chmm2,2,3,default,16,ok,False,0.335,0.02,0.015,0.025,0.273,82,413,False,27,144,2187,252,0.5714,216,0.6667,0.5718,0.003,2.16e-04,16,brute_force+junction_tree,True,8.27e-15,
chmm2,2,3,default,64,ok,False,0.335,0.02,0.015,0.025,0.273,82,413,False,27,144,9099,252,0.5714,216,0.6667,0.5715,0.013,1.98e-04,17,brute_force+joint_state+junction_tree,True,8.27e-15,
chmm2,2,3,default,256,ok,False,0.335,0.02,0.015,0.025,0.273,82,413,False,27,144,36747,252,0.5714,216,0.6667,0.5714,0.045,1.75e-04,17,brute_force+joint_state+junction_tree,True,8.27e-15,
chmm2,2,3,default,1024,ok,False,0.335,0.02,0.015,0.025,0.273,82,413,False,27,144,147339,252,0.5714,216,0.6667,0.5714,0.193,1.88e-04,17,brute_force+joint_state+junction_tree,True,8.27e-15,
chmm2,2,3,light,1,ok,False,0.057,0.024,0.001,0.028,0.003,82,413,False,27,144,27,252,0.5714,216,0.6667,0.6,0.0,3.37e-04,1,brute_force,True,1.11e-16,
chmm2,2,3,light,2,ok,False,0.057,0.024,0.001,0.028,0.003,82,413,False,27,144,171,252,0.5714,216,0.6667,0.5758,0.0,1.87e-04,2,brute_force,True,1.11e-16,
chmm2,2,3,light,4,ok,False,0.057,0.024,0.001,0.028,0.003,82,413,False,27,144,459,252,0.5714,216,0.6667,0.573,0.001,1.50e-04,4,brute_force,True,7.77e-16,
chmm2,2,3,light,8,ok,False,0.057,0.024,0.001,0.028,0.003,82,413,False,27,144,1035,252,0.5714,216,0.6667,0.5721,0.001,1.30e-04,8,brute_force+junction_tree,True,8.38e-15,
chmm2,2,3,light,16,ok,False,0.057,0.024,0.001,0.028,0.003,82,413,False,27,144,2187,252,0.5714,216,0.6667,0.5718,0.002,1.24e-04,16,brute_force+junction_tree,True,8.38e-15,
chmm2,2,3,light,64,ok,False,0.057,0.024,0.001,0.028,0.003,82,413,False,27,144,9099,252,0.5714,216,0.6667,0.5715,0.008,1.21e-04,17,brute_force+joint_state+junction_tree,True,8.38e-15,
chmm2,2,3,light,256,ok,False,0.057,0.024,0.001,0.028,0.003,82,413,False,27,144,36747,252,0.5714,216,0.6667,0.5714,0.034,1.31e-04,17,brute_force+joint_state+junction_tree,True,8.38e-15,
chmm2,2,3,light,1024,ok,False,0.057,0.024,0.001,0.028,0.003,82,413,False,27,144,147339,252,0.5714,216,0.6667,0.5714,0.133,1.30e-04,17,brute_force+joint_state+junction_tree,True,8.38e-15,
chmm3,3,3,forward,1,ok,False,0.0,,,,,,,,198,2268,198,2268,1.0,873,2.5979,1.0,0.001,5.12e-04,1,brute_force,True,5.55e-17,
chmm3,3,3,forward,2,ok,False,0.0,,,,,,,,198,2268,2466,2268,1.0,873,2.5979,1.0,0.001,3.44e-04,2,brute_force,True,1.11e-16,
chmm3,3,3,forward,4,ok,False,0.0,,,,,,,,198,2268,7002,2268,1.0,873,2.5979,1.0,0.001,3.32e-04,4,brute_force,True,9.10e-15,
chmm3,3,3,forward,8,ok,False,0.0,,,,,,,,198,2268,16074,2268,1.0,873,2.5979,1.0,0.002,2.15e-04,8,brute_force+junction_tree,True,9.10e-15,
chmm3,3,3,forward,16,ok,False,0.0,,,,,,,,198,2268,34218,2268,1.0,873,2.5979,1.0,0.003,2.02e-04,16,brute_force+junction_tree,True,9.10e-15,
chmm3,3,3,forward,64,ok,False,0.0,,,,,,,,198,2268,143082,2268,1.0,873,2.5979,1.0,0.018,2.77e-04,17,brute_force+joint_state+junction_tree,True,9.10e-15,
chmm3,3,3,forward,256,ok,False,0.0,,,,,,,,198,2268,578538,2268,1.0,873,2.5979,1.0,0.065,2.55e-04,17,brute_force+joint_state+junction_tree,True,9.10e-15,
chmm3,3,3,forward,1024,ok,False,0.0,,,,,,,,198,2268,2320362,2268,1.0,873,2.5979,1.0,0.23,2.24e-04,17,brute_force+joint_state+junction_tree,True,9.10e-15,
chmm3,3,3,jt,1,ok,False,0.0,,,,,,,,198,873,198,2268,0.3849,873,1.0,1.0,0.001,7.81e-04,1,brute_force,True,5.55e-17,
chmm3,3,3,jt,2,ok,False,0.0,,,,,,,,198,873,1071,2268,0.3849,873,1.0,0.4343,0.001,5.50e-04,2,brute_force,True,1.11e-16,
chmm3,3,3,jt,4,ok,False,0.0,,,,,,,,198,873,2817,2268,0.3849,873,1.0,0.4023,0.001,3.59e-04,4,brute_force,True,9.16e-15,
chmm3,3,3,jt,8,ok,False,0.0,,,,,,,,198,873,6309,2268,0.3849,873,1.0,0.3925,0.002,2.47e-04,8,brute_force+junction_tree,True,9.16e-15,
chmm3,3,3,jt,16,ok,False,0.0,,,,,,,,198,873,13293,2268,0.3849,873,1.0,0.3885,0.004,2.72e-04,16,brute_force+junction_tree,True,9.16e-15,
chmm3,3,3,jt,64,ok,False,0.0,,,,,,,,198,873,55197,2268,0.3849,873,1.0,0.3858,0.016,2.44e-04,17,brute_force+joint_state+junction_tree,True,9.16e-15,
chmm3,3,3,jt,256,ok,False,0.0,,,,,,,,198,873,222813,2268,0.3849,873,1.0,0.3851,0.076,2.96e-04,17,brute_force+joint_state+junction_tree,True,9.16e-15,
chmm3,3,3,jt,1024,ok,False,0.0,,,,,,,,198,873,893277,2268,0.3849,873,1.0,0.385,0.238,2.33e-04,17,brute_force+joint_state+junction_tree,True,9.16e-15,
chmm3,3,3,default,1,ok,False,60.254,0.075,2.622,0.129,57.421,1154,6103,False,66,612,66,2268,0.2698,873,0.701,0.3333,0.001,6.94e-04,1,brute_force,True,1.67e-16,
chmm3,3,3,default,2,ok,False,60.254,0.075,2.622,0.129,57.421,1154,6103,False,66,612,678,2268,0.2698,873,0.701,0.2749,0.0,2.39e-04,2,brute_force,True,1.67e-16,
chmm3,3,3,default,4,ok,False,60.254,0.075,2.622,0.129,57.421,1154,6103,False,66,612,1902,2268,0.2698,873,0.701,0.2716,0.002,6.08e-04,4,brute_force,True,9.21e-15,
chmm3,3,3,default,8,ok,False,60.254,0.075,2.622,0.129,57.421,1154,6103,False,66,612,4350,2268,0.2698,873,0.701,0.2706,0.002,2.87e-04,8,brute_force+junction_tree,True,9.21e-15,
chmm3,3,3,default,16,ok,False,60.254,0.075,2.622,0.129,57.421,1154,6103,False,66,612,9246,2268,0.2698,873,0.701,0.2702,0.004,2.72e-04,16,brute_force+junction_tree,True,9.21e-15,
chmm3,3,3,default,64,ok,False,60.254,0.075,2.622,0.129,57.421,1154,6103,False,66,612,38622,2268,0.2698,873,0.701,0.2699,0.012,1.88e-04,17,brute_force+joint_state+junction_tree,True,9.21e-15,
chmm3,3,3,default,256,ok,False,60.254,0.075,2.622,0.129,57.421,1154,6103,False,66,612,156126,2268,0.2698,873,0.701,0.2699,0.047,1.83e-04,17,brute_force+joint_state+junction_tree,True,9.21e-15,
chmm3,3,3,default,1024,ok,False,60.254,0.075,2.622,0.129,57.421,1154,6103,False,66,612,626142,2268,0.2698,873,0.701,0.2698,0.182,1.78e-04,17,brute_force+joint_state+junction_tree,True,9.21e-15,
chmm3,3,3,light,1,ok,False,0.318,0.067,0.01,0.158,0.08,1154,6103,False,66,693,66,2268,0.3056,873,0.7938,0.3333,0.001,6.22e-04,1,brute_force,True,1.67e-16,
chmm3,3,3,light,2,ok,False,0.318,0.067,0.01,0.158,0.08,1154,6103,False,66,693,759,2268,0.3056,873,0.7938,0.3078,0.001,3.67e-04,2,brute_force,True,1.67e-16,
chmm3,3,3,light,4,ok,False,0.318,0.067,0.01,0.158,0.08,1154,6103,False,66,693,2145,2268,0.3056,873,0.7938,0.3063,0.001,3.00e-04,4,brute_force,True,9.21e-15,
chmm3,3,3,light,8,ok,False,0.318,0.067,0.01,0.158,0.08,1154,6103,False,66,693,4917,2268,0.3056,873,0.7938,0.3059,0.002,3.12e-04,8,brute_force+junction_tree,True,9.21e-15,
chmm3,3,3,light,16,ok,False,0.318,0.067,0.01,0.158,0.08,1154,6103,False,66,693,10461,2268,0.3056,873,0.7938,0.3057,0.004,2.78e-04,16,brute_force+junction_tree,True,9.21e-15,
chmm3,3,3,light,64,ok,False,0.318,0.067,0.01,0.158,0.08,1154,6103,False,66,693,43725,2268,0.3056,873,0.7938,0.3056,0.017,2.58e-04,17,brute_force+joint_state+junction_tree,True,9.21e-15,
chmm3,3,3,light,256,ok,False,0.318,0.067,0.01,0.158,0.08,1154,6103,False,66,693,176781,2268,0.3056,873,0.7938,0.3056,0.07,2.75e-04,17,brute_force+joint_state+junction_tree,True,9.21e-15,
chmm3,3,3,light,1024,ok,False,0.318,0.067,0.01,0.158,0.08,1154,6103,False,66,693,709005,2268,0.3056,873,0.7938,0.3056,0.266,2.60e-04,17,brute_force+joint_state+junction_tree,True,9.21e-15,
chmm4,4,3,forward,1,ok,False,0.0,,,,,,,,720,20043,720,20043,1.0,3177,6.3088,1.0,0.0,3.85e-04,1,brute_force,True,1.11e-16,
chmm4,4,3,forward,2,ok,False,0.0,,,,,,,,720,20043,20763,20043,1.0,3177,6.3088,1.0,0.001,4.35e-04,2,brute_force,True,3.33e-16,
chmm4,4,3,forward,4,ok,False,0.0,,,,,,,,720,20043,60849,20043,1.0,3177,6.3088,1.0,0.002,3.97e-04,4,brute_force+junction_tree,True,2.44e-15,
chmm4,4,3,forward,8,ok,False,0.0,,,,,,,,720,20043,141021,20043,1.0,3177,6.3088,1.0,0.005,6.27e-04,8,brute_force+junction_tree,True,2.44e-15,
chmm4,4,3,forward,16,ok,False,0.0,,,,,,,,720,20043,301365,20043,1.0,3177,6.3088,1.0,0.008,5.03e-04,16,brute_force+junction_tree,True,2.44e-15,
chmm4,4,3,forward,64,ok,False,0.0,,,,,,,,720,20043,1263429,20043,1.0,3177,6.3088,1.0,0.023,3.57e-04,17,brute_force+joint_state+junction_tree,True,2.44e-15,
chmm4,4,3,forward,256,ok,False,0.0,,,,,,,,720,20043,5111685,20043,1.0,3177,6.3088,1.0,0.09,3.53e-04,17,brute_force+joint_state+junction_tree,True,2.44e-15,
chmm4,4,3,forward,1024,ok,False,0.0,,,,,,,,720,20043,20504709,20043,1.0,3177,6.3088,1.0,0.317,3.09e-04,17,brute_force+joint_state+junction_tree,True,2.44e-15,
chmm4,4,3,jt,1,ok,False,0.0,,,,,,,,720,3177,720,20043,0.1585,3177,1.0,1.0,0.001,5.21e-04,1,brute_force,True,1.11e-16,
chmm4,4,3,jt,2,ok,False,0.0,,,,,,,,720,3177,3897,20043,0.1585,3177,1.0,0.1877,0.001,3.16e-04,2,brute_force,True,3.33e-16,
chmm4,4,3,jt,4,ok,False,0.0,,,,,,,,720,3177,10251,20043,0.1585,3177,1.0,0.1685,0.006,1.41e-03,4,brute_force+junction_tree,True,2.39e-15,
chmm4,4,3,jt,8,ok,False,0.0,,,,,,,,720,3177,22959,20043,0.1585,3177,1.0,0.1628,0.002,2.93e-04,8,brute_force+junction_tree,True,2.39e-15,
chmm4,4,3,jt,16,ok,False,0.0,,,,,,,,720,3177,48375,20043,0.1585,3177,1.0,0.1605,0.005,2.96e-04,16,brute_force+junction_tree,True,2.39e-15,
chmm4,4,3,jt,64,ok,False,0.0,,,,,,,,720,3177,200871,20043,0.1585,3177,1.0,0.159,0.022,3.44e-04,17,brute_force+joint_state+junction_tree,True,2.39e-15,
chmm4,4,3,jt,256,ok,False,0.0,,,,,,,,720,3177,810855,20043,0.1585,3177,1.0,0.1586,0.115,4.51e-04,17,brute_force+joint_state+junction_tree,True,2.39e-15,
chmm4,4,3,jt,1024,ok,False,0.0,,,,,,,,720,3177,3250791,20043,0.1585,3177,1.0,0.1585,0.32,3.12e-04,17,brute_force+joint_state+junction_tree,True,2.39e-15,
chmm4,4,3,default,1,ok,True,154.546,0.268,61.553,1.031,91.649,13882,65876,True,141,2466,141,20043,0.123,3177,0.7762,0.1958,0.001,1.03e-03,1,brute_force,True,5.55e-17,
chmm4,4,3,default,2,ok,True,154.546,0.268,61.553,1.031,91.649,13882,65876,True,141,2466,2607,20043,0.123,3177,0.7762,0.1256,0.001,4.72e-04,2,brute_force,True,4.44e-16,
chmm4,4,3,default,4,ok,True,154.546,0.268,61.553,1.031,91.649,13882,65876,True,141,2466,7539,20043,0.123,3177,0.7762,0.1239,0.002,4.45e-04,4,brute_force+junction_tree,True,2.44e-15,
chmm4,4,3,default,8,ok,True,154.546,0.268,61.553,1.031,91.649,13882,65876,True,141,2466,17403,20043,0.123,3177,0.7762,0.1234,0.003,4.28e-04,8,brute_force+junction_tree,True,2.44e-15,
chmm4,4,3,default,16,ok,True,154.546,0.268,61.553,1.031,91.649,13882,65876,True,141,2466,37131,20043,0.123,3177,0.7762,0.1232,0.006,3.56e-04,16,brute_force+junction_tree,True,2.44e-15,
chmm4,4,3,default,64,ok,True,154.546,0.268,61.553,1.031,91.649,13882,65876,True,141,2466,155499,20043,0.123,3177,0.7762,0.1231,0.024,3.73e-04,17,brute_force+joint_state+junction_tree,True,2.44e-15,
chmm4,4,3,default,256,ok,True,154.546,0.268,61.553,1.031,91.649,13882,65876,True,141,2466,628971,20043,0.123,3177,0.7762,0.123,0.075,2.93e-04,17,brute_force+joint_state+junction_tree,True,2.44e-15,
chmm4,4,3,default,1024,ok,True,154.546,0.268,61.553,1.031,91.649,13882,65876,True,141,2466,2522859,20043,0.123,3177,0.7762,0.123,0.341,3.33e-04,17,brute_force+joint_state+junction_tree,True,2.44e-15,
chmm4,4,3,light,1,ok,True,2.194,0.29,0.139,0.805,0.951,13882,52490,True,141,2655,141,20043,0.1325,3177,0.8357,0.1958,0.001,6.06e-04,1,brute_force,True,1.11e-16,
chmm4,4,3,light,2,ok,True,2.194,0.29,0.139,0.805,0.951,13882,52490,True,141,2655,2796,20043,0.1325,3177,0.8357,0.1347,0.001,3.83e-04,2,brute_force,True,3.33e-16,
chmm4,4,3,light,4,ok,True,2.194,0.29,0.139,0.805,0.951,13882,52490,True,141,2655,8106,20043,0.1325,3177,0.8357,0.1332,0.002,3.94e-04,4,brute_force+junction_tree,True,2.44e-15,
chmm4,4,3,light,8,ok,True,2.194,0.29,0.139,0.805,0.951,13882,52490,True,141,2655,18726,20043,0.1325,3177,0.8357,0.1328,0.003,3.75e-04,8,brute_force+junction_tree,True,2.44e-15,
chmm4,4,3,light,16,ok,True,2.194,0.29,0.139,0.805,0.951,13882,52490,True,141,2655,39966,20043,0.1325,3177,0.8357,0.1326,0.006,3.91e-04,16,brute_force+junction_tree,True,2.44e-15,
chmm4,4,3,light,64,ok,True,2.194,0.29,0.139,0.805,0.951,13882,52490,True,141,2655,167406,20043,0.1325,3177,0.8357,0.1325,0.026,4.03e-04,17,brute_force+joint_state+junction_tree,True,2.44e-15,
chmm4,4,3,light,256,ok,True,2.194,0.29,0.139,0.805,0.951,13882,52490,True,141,2655,677166,20043,0.1325,3177,0.8357,0.1325,0.104,4.04e-04,17,brute_force+joint_state+junction_tree,True,2.44e-15,
chmm4,4,3,light,1024,ok,True,2.194,0.29,0.139,0.805,0.951,13882,52490,True,141,2655,2716206,20043,0.1325,3177,0.8357,0.1325,0.577,5.63e-04,17,brute_force+joint_state+junction_tree,True,2.44e-15,
